,T,TM,tm,H,P,VV,V,VM,AQI
0,23.4,30.3,19,59,0,6.3,4.3,5.4,284.79583333333335
1,22.4,30.3,16.9,57,0,6.9,3.3,7.6,219.72083333333333
2,24,31.8,16.9,51,0,6.9,2.8,5.4,182.1875
3,,,,,,,,,115.28749999999998
4,,,,,,,,,0.0
5,,,,,,,,,12.379166666666668
6,22.8,30.2,17.6,55,0,7.7,3.7,7.6,154.03750000000002
7,23.1,30.6,17.4,46,0,6.9,3.3,5.4,223.20833333333334
8,22.9,30.6,17.4,51,0,6.9,3.5,3.5,200.64583333333337
9,,,,,,,,,154.875
10,,,,,,,,,129.38749999999996
11,,,,,,,,,224.2458333333333
12,22.3,30.1,15.7,43,0,6.9,2.8,5.4,285.22499999999997
13,21.8,30.6,14.8,41,0,6.9,1.9,5.4,236.82499999999996
14,21.6,30.6,14.2,43,0,6.9,3.1,7.6,276.90833333333336
15,,,,,,,,,245.65
16,,,,,,,,,218.67083333333326
17,,,,,,,,,47.82500000000001
18,21.6,29.6,16.4,58,0,6.9,2.2,3.5,108.0
19,21.9,29.6,16.6,58,0,6.9,2.4,5.4,107.625
20,22.3,29.9,17.5,55,0,6.9,3.1,5.4,125.89166666666667
21,,,,,,,,,179.3083333333333
22,,,,,,,,,239.85
23,,,,,,,,,220.1916666666667
24,21.6,29.1,15.5,47,0,7.7,4.8,7.6,181.01250000000005
25,21.8,29.2,14.6,41,0,6.9,2.8,3.5,152.55416666666667
26,22.3,30.1,15.6,40,0,6.9,2.4,5.4,152.32083333333335
27,,,,,,,,,171.42916666666665
28,,,,,,,,,251.375
29,,,,,,,,,251.82916666666668
30,22.1,29.8,17.3,54,0,6.9,5.2,9.4,319.7375
31,21.6,29.2,15.3,51,0,6.9,3.9,5.4,332.7083333333333
32,21.4,29.2,15.2,45,0,6.9,2.8,5.4,279.59999999999997
33,21.8,29.6,14.4,37,0,7.4,2.2,3.5,179.11666666666667
34,,,,,,,,,166.29999999999998
35,,,,,,,,,78.25416666666666
36,,,,,,,,,54.958333333333336
37,24.6,32.2,18.8,55,0,6.9,2.2,3.5,54.791666666666664
38,24.6,32.2,21,63,0.51,5.5,3.9,9.4,93.375
39,23.9,31.6,19,51,0,6.6,5.9,9.4,103.0
40,,,,,,,,,211.125
41,,,,,,,,,192.29166666666666
42,,,,,,,,,152.0
43,24.5,31.5,18.9,49,0,6.9,4.8,9.4,132.20833333333334
44,23.9,31.5,19.7,64,0,6.3,5.2,9.4,127.70833333333333
45,24.3,31.4,20.2,68,0,6.9,3.5,5.4,109.33333333333333
46,,,,,,,,,0.0
47,,,,,,,,,0.0
48,,,,,,,,,0.0
49,24.8,31.8,20.5,62,0,6.3,2,5.4,56.458333333333336
50,24.5,32.2,19.7,59,0,6.6,3.9,5.4,135.83333333333334
51,24.3,32.2,18,47,0,6.9,5,9.4,122.5
52,,,,,,,,,119.33333333333333
53,,,,,,,,,67.125
54,,,,,,,,,46.708333333333336
55,24.1,33.4,15.9,29,0,7.7,3.5,5.4,69.66666666666667
56,24.7,32.4,16.3,30,0,6.9,5,9.4,79.83333333333333
57,24.7,32.4,16.9,32,0,6.9,0.9,3.5,62.708333333333336
58,,,,,,,,,81.04166666666667
59,25.5,33,18.5,26,0,6.9,3.9,5.4,21.208333333333332
60,25.5,33,18.9,34,0,6.9,4.6,7.6,1.9166666666666667
61,25.3,33.2,18.5,31,0,6.9,3.5,5.4,1.8333333333333333
62,,,,,,,,,1.7916666666666667
63,,,,,,,,,31.625
64,,,,,,,,,112.08333333333333
65,24,30.4,21,71,0,6.3,5.2,5.4,105.83333333333333
66,25.4,32,20,56,0.51,6.9,3.5,5.4,117.58333333333333
67,25.8,34.1,20.3,51,0,6.6,1.5,3.5,122.70833333333333
68,,,,,,,,,76.54166666666667
69,,,,,,,,,159.08333333333334
70,,,,,,,,,147.95833333333334
71,27.1,34.8,20.2,30,0,6.9,3.1,5.4,111.95833333333333
72,26.8,34.7,20.7,34,0,6.9,2.4,5.4,59.208333333333336
73,25.3,34.2,18.9,40,0,6.9,3.9,5.4,77.20833333333333
74,,,,,,,,,87.83333333333333
75,,,,,,,,,90.04166666666667
76,,,,,,,,,63.916666666666664
77,26.9,34.6,19.9,37,0,6.9,5,5.4,98.70833333333333
78,27.1,34.6,20.4,39,0,6.9,5,7.6,123.70833333333333
79,26.8,34.5,20.5,32,0,6.9,4.6,7.6,64.79166666666667
80,,,,,,,,,62.875
81,,,,,,,,,88.375
82,,,,,,,,,77.66666666666667
83,28.1,34.8,21.3,44,0,6.3,3.9,7.6,52.333333333333336
84,28.8,35.4,23.2,44,0,6.9,4.3,5.4,52.041666666666664
85,28.5,35.8,22.9,39,0,6.9,3.7,7.6,128.33333333333334
86,,,,,,,,,87.58333333333333
87,,,,,,,,,2.9166666666666665
88,,,,,,,,,0.0
89,28.1,36.5,22.4,57,0,6.9,3.1,5.4,0.0
90,27.2,36.5,20.7,58,11.94,6.9,4.3,7.6,23.208333333333332
91,26.9,34.9,22.2,54,0,6.9,5,11.1,15.166666666666666
92,27.8,34.9,22.1,58,1.02,6.9,3.5,7.6,21.25
93,,,,,,,,,25.75
94,,,,,,,,,52.416666666666664
95,,,,,,,,,89.0
96,29.9,36.8,23.3,41,0,6.9,3.7,7.6,81.83333333333333
97,29.4,36.8,24.4,44,0,6.9,2,7.6,105.33333333333333
98,29.6,36,24.5,42,0,6.9,3.9,7.6,117.75
99,,,,,,,,,20.791666666666668
100,,,,,,,,,64.79166666666667
101,,,,,,,,,87.375
102,27.7,36.2,21.4,42,0,6.9,3.5,3.5,84.5
103,29.2,35.9,23.1,50,0,6.9,3.9,7.6,46.916666666666664
104,27.5,35.9,22.6,56,-,6.3,5.9,11.1,104.625
105,,,,,,,,,109.625
106,,,,,,,,,63.458333333333336
107,,,,,,,,,77.04166666666667
108,28.2,35.8,22.5,50,0,6.9,5,7.6,110.875
109,28.9,35.7,23.3,45,0,6.9,3.5,5.4,42.958333333333336
110,28.2,35.7,22.6,53,0,6.9,4.6,5.4,0.0
111,,,,,,,,,30.875
112,,,,,,,,,75.58333333333333
113,,,,,,,,,106.95833333333333
114,28.4,34.7,23.3,54,0,6.9,3.3,5.4,120.875
115,28.2,34.5,24.4,56,0,6.9,3,5.4,79.91666666666667
116,28.4,35.3,23.3,56,0,7.7,3.3,5.4,0.0
117,,,,,,,,,0.0
118,,,,,,,,,0.0
119,,,,,,,,,38.5
120,28.7,37,22.7,43,0,6.9,3.5,5.4,94.75
121,29.6,37.6,24,51,0,6.9,4.8,7.6,142.5
122,28.3,37.6,24,58,0.51,6.9,6.5,11.1,133.375
123,,,,,,,,,102.41666666666667
124,,,,,,,,,101.75
125,,,,,,,,,117.95833333333333
126,28.8,35.1,24.3,58,0,6.9,4.6,5.4,147.83333333333334
127,28,35.1,23.4,61,0,6.9,5.9,7.6,158.29166666666666
128,26.9,35.3,22.2,63,1.02,6.9,4.3,7.6,149.58333333333334
129,,,,,,,,,107.29166666666667
130,,,,,,,,,96.25
131,,,,,,,,,76.25
132,26.1,32.1,22.1,68,0,6.9,4.4,5.4,101.5
133,26.3,32.1,21.9,63,0,6.9,6.5,11.1,106.5
134,26.4,33.8,21.6,58,0,7.6,5.6,7.6,128.125
135,,,,,,,,,108.0
136,,,,,,,,,125.625
137,,,,,,,,,137.16666666666666
138,26.2,35.7,22.4,71,4.06,6.9,3,5.4,101.95833333333333
139,25.2,33.8,21.4,75,13.97,6.3,5,7.6,98.41666666666667
140,27.3,34,20.9,64,0,6.9,5,9.4,94.375
141,,,,,,,,,118.5
142,,,,,,,,,89.54166666666667
143,,,,,,,,,87.25
144,26.5,33.5,22,58,0,6.3,8,11.1,107.625
145,26.6,33,22,62,0,6.9,6.3,7.6,110.41666666666667
146,25.5,33,20.6,66,0,6.9,6.3,7.6,95.83333333333333
147,,,,,,,,,93.5
148,,,,,,,,,97.625
149,,,,,,,,,76.95833333333333
150,23.7,31.3,20.8,81,30.99,5.8,2.8,5.4,72.25
151,21.8,29.4,20,90,-,5.5,6.1,7.6,38.666666666666664
152,22.3,27.6,20,86,12.95,5.5,6.1,9.4,45.375
153,22.3,27.6,19.2,85,5.08,5.5,6.3,7.6,65.16666666666667
154,,,,,,,,,67.08333333333333
155,,,,,,,,,80.04166666666667
156,,,,,,,,,74.16666666666667
157,23.8,29.9,21,80,0,6.9,8.7,11.1,66.08333333333333
158,23,28.8,20.1,77,2.03,6.3,8.1,11.1,77.66666666666667
159,23.8,28.4,20.1,70,0,6.9,12.4,18.3,70.25
160,,,,,,,,,75.125
161,,,,,,,,,37.166666666666664
162,,,,,,,,,57.375
163,23.7,28.3,20,69,0,6.9,11.3,14.8,56.291666666666664
164,23.7,28.3,20.5,70,0,6.3,9.8,16.5,77.0
165,23.4,28.6,20,74,0,6.9,9.6,11.1,32.958333333333336
166,,,,,,,,,40.833333333333336
167,,,,,,,,,42.541666666666664
168,,,,,,,,,93.08333333333333
169,24.3,29.2,20.2,71,0,7.4,8.5,11.1,80.625
170,23.6,30.2,20.3,74,0,6.9,7.2,9.4,90.70833333333333
171,23.4,30.2,20,78,6.1,6.9,5,5.4,97.29166666666667
172,,,,,,,,,79.83333333333333
173,,,,,,,,,87.75
174,,,,,,,,,63.5
175,23.4,28.4,20.6,77,0,6.9,8.9,18.3,50.708333333333336
176,22.4,27.8,20.4,87,0,6.9,5.2,5.4,40.375
177,23.5,28.5,20.6,75,14.99,6.9,5.7,7.6,49.416666666666664
178,,,,,,,,,43.666666666666664
179,,,,,,,,,52.166666666666664
180,,,,,,,,,49.583333333333336
181,23.7,29.2,19.4,70,0,6.9,8.5,14.8,61.875
182,22.6,29.2,19.8,79,0,5.5,6.9,11.1,0.0
183,22.2,28.1,19.9,83,3.05,6.9,6.7,11.1,29.666666666666668
184,,,,,,,,,47.75
185,,,,,,,,,37.708333333333336
186,,,,,,,,,33.083333333333336
187,23.3,29.6,20.6,76,10.92,6.3,5,9.4,49.125
188,23.8,28.7,20.5,73,0,6.9,5.7,9.4,43.666666666666664
189,22.6,28.8,20.4,82,0,6.9,5.6,7.6,29.833333333333332
190,,,,,,,,,29.666666666666668
191,,,,,,,,,56.708333333333336
192,,,,,,,,,39.25
193,22.2,27.3,20.2,84,0,6.3,5.9,9.4,35.208333333333336
194,23.1,27.4,19.8,79,6.1,6.3,5,7.6,37.625
195,23.1,28.3,20.2,81,3.05,5.8,4.6,7.6,41.458333333333336
196,,,,,,,,,53.125
197,,,,,,,,,54.875
198,,,,,,,,,65.75
199,21.4,27,19.7,90,9.91,6.3,5.4,7.6,38.583333333333336
200,21.3,27,19.7,93,49.02,6.3,5.4,7.6,36.0
201,22.5,26,19.9,84,5.08,6.3,5.9,7.6,70.58333333333333
202,,,,,,,,,52.458333333333336
203,,,,,,,,,36.583333333333336
204,,,,,,,,,45.583333333333336
205,23.1,27.6,19.8,75,1.02,6.9,9.8,11.1,33.166666666666664
206,22.6,27.6,20,77,0,6.9,8.1,11.1,38.25
207,22.3,27.4,19.7,84,0.76,6.9,6.7,11.1,26.583333333333332
208,,,,,,,,,57.583333333333336
209,,,,,,,,,30.708333333333332
210,,,,,,,,,35.375
211,22,26.9,20,76,0,6.9,11.7,22.2,15.416666666666666
212,22.4,26.2,20,79,0,6.6,9.8,14.8,41.375
213,23.2,28.4,20.1,78,0.25,6.9,9.8,11.1,25.541666666666668
214,22.7,28.4,20.2,80,0,6.3,6.7,11.1,28.375
215,,,,,,,,,40.333333333333336
216,,,,,,,,,39.333333333333336
217,,,,,,,,,41.833333333333336
218,23.4,28,20.1,76,0,6.9,6.3,7.6,50.333333333333336
219,23.9,29.5,20.6,74,0,6.3,6.1,9.4,35.375
220,23.7,29.5,20.9,76,0,6.9,6.3,9.4,31.916666666666668
221,,,,,,,,,36.791666666666664
222,,,,,,,,,33.291666666666664
223,,,,,,,,,35.5
224,22.9,27.8,20.4,83,0,6.3,4.4,5.4,35.291666666666664
225,21.3,27.8,19.8,88,7.87,5.5,4.6,7.6,26.833333333333332
226,20.7,25.1,19,89,21.34,6.9,4.4,5.4,21.125
227,,,,,,,,,18.0
228,,,,,,,,,28.041666666666668
229,,,,,,,,,34.875
230,22.6,26.8,19.6,81,1.52,6.3,8.5,14.8,35.708333333333336
231,22.4,26.7,19.7,81,0,5.5,6.7,9.4,43.583333333333336
232,22.7,28.4,20.1,77,5.59,6.9,6.7,7.6,46.041666666666664
233,,,,,,,,,28.75
234,,,,,,,,,70.54166666666667
235,,,,,,,,,58.541666666666664
236,22.4,26.7,19.5,82,14.48,6.3,5.2,7.6,82.875
237,23.9,29,19.5,73,0.25,6.3,4.6,7.6,64.91666666666667
238,24.2,29.7,19.9,69,0,6.9,3.9,5.4,30.666666666666668
239,,,,,,,,,31.75
240,,,,,,,,,41.041666666666664
241,,,,,,,,,45.25
242,24.6,30.1,21.9,77,1.52,6.9,1.5,5.4,34.416666666666664
243,24.3,30.8,19.2,72,22.86,6.9,0.9,3.5,33.166666666666664
244,23.9,31.4,19,76,79.76,6.9,1.5,5.4,30.625
245,22.9,31.4,19.5,80,12.45,6.9,3.7,11.1,30.333333333333332
246,,,,,,,,,31.75
247,,,,,,,,,34.208333333333336
248,,,,,,,,,11.625
249,22.2,27.7,20,85,0,6.3,4.8,7.6,0.0
250,21.8,25.4,19.5,89,3.05,5.5,2.8,5.4,0.0
251,21.7,25.4,19.1,84,60.71,5.5,3.3,5.4,0.0
252,,,,,,,,,0.0
253,,,,,,,,,0.0
254,,,,,,,,,26.166666666666668
255,22.9,27.4,19.8,87,42.42,6.6,4.1,5.4,76.875
256,23.2,27.5,20.5,87,27.18,6.9,3,5.4,83.45833333333333
257,23,27.5,20.6,84,1.52,4.8,4.4,5.4,71.66666666666667
258,,,,,,,,,65.625
259,,,,,,,,,53.375
260,,,,,,,,,56.083333333333336
261,23.2,28.8,20.5,81,0,6.3,7.6,11.1,69.70833333333333
262,22.1,28.4,20.6,85,0,6.9,8,18.3,62.375
263,23.1,27.9,20.2,80,1.78,6.9,5.9,11.1,24.875
264,,,,,,,,,37.333333333333336
265,,,,,,,,,50.125
266,,,,,,,,,46.541666666666664
267,23.8,28.3,19.4,73,0,7.7,3.9,5.4,43.958333333333336
268,24.7,30.4,19.5,68,0,9.2,5,7.6,41.5
269,24.9,30.8,20,64,0,7.7,4.4,7.6,38.791666666666664
270,,,,,,,,,48.916666666666664
271,,,,,,,,,76.91666666666667
272,,,,,,,,,34.458333333333336
273,23.8,29.5,19.6,73,0,6.9,5,7.6,30.333333333333332
274,24.2,29.5,21.1,73,0,6.9,6.3,11.1,26.666666666666668
275,23.6,28.9,20.3,72,0,6.3,4.8,7.6,29.0
276,,,,,,,,,34.25
277,,,,,,,,,62.708333333333336
278,,,,,,,,,65.08333333333333
279,24.8,30,20.2,73,-,7.7,4.1,5.4,61.708333333333336
280,23.9,30,21.1,81,6.6,6.3,3.1,5.4,60.541666666666664
281,23.2,28.4,19.2,80,22.35,6.3,3.7,9.4,41.583333333333336
282,,,,,,,,,50.916666666666664
283,,,,,,,,,40.958333333333336
284,,,,,,,,,60.666666666666664
285,23.9,28.9,20,71,0,6.9,6.7,7.6,80.04166666666667
286,24.9,30.8,20.6,70,0,6.9,4.8,7.6,82.83333333333333
287,24.1,30.8,21.6,79,-,6.3,3.3,5.4,95.25
288,,,,,,,,,115.83333333333333
289,,,,,,,,,149.66666666666666
290,,,,,,,,,145.58333333333334
291,24.4,30.5,20.3,72,0,6.9,1.5,7.6,126.16666666666667
292,21.9,30.4,20.1,81,3.3,6.3,0.9,5.4,136.70833333333334
293,21.5,27.2,19.5,85,1.02,6.9,2.6,7.6,160.66666666666666
294,,,,,,,,,173.58333333333334
295,,,,,,,,,168.625
296,,,,,,,,,174.66666666666666
297,23.2,27,20.7,81,5.59,6.3,3.3,5.4,245.66666666666666
298,23.4,29.4,20.7,78,0,6.9,4.3,5.4,261.6666666666667
299,23.3,29.4,19.8,80,23.37,5.5,3.5,5.4,272.4166666666667
300,,,,,,,,,226.29166666666666
301,,,,,,,,,291.7083333333333
302,,,,,,,,,207.33333333333334
303,23.4,28.7,18.6,71,0,6.3,1.3,5.4,149.625
304,24.2,29.6,19.6,73,0,6.9,2.2,5.4,99.70833333333333
305,23.3,29.6,19.9,80,2.03,5.8,3.9,7.6,217.375
306,22.9,29,20,78,0.76,6,4.3,7.6,309.375
307,,,,,,,,,166.91666666666666
308,,,,,,,,,429.1666666666667
309,,,,,,,,,332.4583333333333
310,23.3,29,19,69,0,6.3,2.8,5.4,321.5416666666667
311,22.2,29,18.4,69,0,6.9,1.5,5.4,278.0
312,22.2,28.2,17.3,68,0,6.9,2.2,5.4,192.33333333333334
313,,,,,,,,,235.33333333333334
314,,,,,,,,,153.29166666666666
315,,,,,,,,,171.54166666666666
316,21.8,28.6,18.5,71,0,6.3,0,-,224.16666666666666
317,22,28,17.8,67,0,5.5,1.1,3.5,196.75
318,21.4,28,15.6,63,0,6.3,1.1,3.5,221.54166666666666
319,,,,,,,,,210.54166666666666
320,,,,,,,,,251.20833333333334
321,,,,,,,,,172.83333333333334
322,22.4,29,16.8,74,0,6.3,1.9,3.5,166.70833333333334
323,22.3,29,18.2,68,0,6.3,1.3,3.5,130.70833333333334
324,22.7,30,16.5,65,0,6.9,1.1,3.5,194.70833333333334
325,,,,,,,,,250.875
326,,,,,,,,,274.875
327,,,,,,,,,207.91666666666666
328,22.5,28.5,19.8,80,0.51,6.3,2,5.4,134.45833333333334
329,23.1,29.2,19.2,74,2.29,6.9,1.1,5.4,110.0
330,22.7,29.2,18.8,67,0,6.9,0.4,3.5,160.0
331,,,,,,,,,217.91666666666666
332,,,,,,,,,184.20833333333334
333,,,,,,,,,130.91666666666666
334,23.1,29.9,20,76,0.25,6.9,3.1,5.4,118.91666666666667
335,22.5,28.3,19.4,74,0,7.7,2.4,5.4,176.375
336,21.9,28,18.4,67,0,6.9,3.1,5.4,185.95833333333334
337,,,,,,,,,195.375
338,,,,,,,,,151.04166666666666
339,,,,,,,,,170.875
340,20.2,28.4,15.7,67,0,6.3,1.9,3.5,239.125
341,21.3,28,16.8,68,0,6.9,0.9,3.5,365.2916666666667
342,21.2,28.7,15.9,54,0,6.9,0.7,5.4,312.2083333333333
343,,,,,,,,,237.625
344,,,,,,,,,179.33333333333334
345,,,,,,,,,122.54166666666667
346,22.3,27,18.6,71,0,6.3,3.5,5.4,121.33333333333333
347,22.6,27.7,19.5,75,0,6.3,3.5,5.4,202.875
348,22.3,30.3,16,56,0,6,1.3,3.5,260.1666666666667
349,,,,,,,,,403.9583333333333
350,,,,,,,,,455.5833333333333
351,,,,,,,,,382.7083333333333
352,20.2,27.2,14.7,66,0,6.9,0.9,3.5,277.7083333333333
353,20.4,28.9,14.5,65,0,6.8,1.3,3.5,284.1666666666667
354,20.6,28.9,14.9,61,0,6.9,3.1,3.5,288.4166666666667
355,,,,,,,,,256.8333333333333
356,,,,,,,,,175.75
357,,,,,,,,,180.79166666666666
358,20.8,27.3,15.6,70,0,6,3.5,5.4,166.91666666666666
359,19.9,27.3,14.9,68,0,6.3,3.3,5.4,169.0
360,20.6,27.4,16,65,0,6.3,3.9,7.6,186.04166666666666
361,,,,,,,,,185.58333333333334
362,,,,,,,,,114.08333333333333
363,,,,,,,,,140.45833333333334
364,20.1,27.5,14.9,67,0,6.9,4.3,5.4,108.08333333333333
365,20.3,26.4,16,70,0,6.3,3.1,3.5,255.875
366,20.1,26.4,16.6,70,0,5.5,2.8,3.5,217.08333333333334
367,21.2,28.4,15,67,0,6.9,2.4,5.4,229.16666666666666
368,,,,,,,,,392.2083333333333
369,,,,,,,,,536.5
370,,,,,,,,,321.8333333333333
371,21.4,30.8,15,53,0,6.9,2.8,3.5,298.4583333333333
372,20.7,29.3,15.5,65,0,6.9,5.9,13,264.9166666666667
373,21,28,15.8,67,0,6.3,4.3,5.4,404.5
374,,,,,,,,,442.6666666666667
375,,,,,,,,,220.95833333333334
376,,,,,,,,,251.375
377,22,30.6,15.6,57,0,6.9,5,5.4,188.5
378,22.4,30.5,17,52,0,7.7,3.9,5.4,164.75
379,22.1,29.5,16.3,59,0,6.9,3.3,5.4,376.9166666666667
380,,,,,,,,,362.0
381,,,,,,,,,235.625
382,,,,,,,,,0.0
383,21.8,28.5,16.9,68,0,6.9,5,5.4,0.0
384,20.9,28.1,17,66,0,6.9,3.5,5.4,0.0
385,20.4,27.4,15.2,61,0,6.9,3.9,5.4,57.0
386,,,,,,,,,114.33333333333333
387,,,,,,,,,148.125
388,,,,,,,,,184.875
389,22,29.5,16.9,58,0,6.9,3.9,5.4,202.91666666666666
390,21.4,29.4,15.5,57,0,6.9,3.3,5.4,205.125
391,21,27.7,16.4,61,0,6.9,3.7,7.6,214.125
392,,,,,,,,,202.95833333333334
393,,,,,,,,,308.875
394,,,,,,,,,323.875
395,22,29.4,15.4,56,0,6.9,2.8,7.6,315.7916666666667
396,22.2,29.8,17,65,0,6.9,4.8,7.6,322.25
397,22.7,29.7,18,59,0,6.9,3.1,5.4,246.04166666666666
398,23,31.4,15.7,48,0,6.9,1.9,3.5,200.91666666666666
399,,,,,,,,,187.16666666666666
400,,,,,,,,,187.79166666666666
401,,,,,,,,,167.79166666666666
402,23.8,32.6,16.5,29,0,6.9,2.4,5.4,99.5
403,23.6,32.1,15.5,35,0,6.9,2,5.4,143.91666666666666
404,23.6,32.7,15.7,39,0,6.9,0,-,100.25
405,,,,,,,,,126.0
406,,,,,,,,,163.91666666666666
407,,,,,,,,,152.875
408,24.6,31.8,19,54,0,6.9,2.8,5.4,165.0
409,24.3,31.6,19.2,60,0,6.3,2.4,5.4,116.45833333333333
410,24.7,31.6,20.2,63,0,6.3,2.2,5.4,143.0
411,,,,,,,,,194.91666666666666
412,,,,,,,,,130.66666666666666
413,,,,,,,,,152.375
414,23.4,30.1,19.2,65,0,6.3,4.3,7.6,231.125
415,23,30.1,19.1,65,0,6.3,3.5,3.5,218.66666666666666
416,23.9,30.3,19.2,63,0,6.9,2.2,3.5,211.0
417,,,,,,,,,172.0
418,,,,,,,,,184.875
419,,,,,,,,,95.41666666666667
420,23.4,30.8,19.7,64,0.25,6.3,4.4,5.4,52.208333333333336
421,24.2,32,19.3,49,0,6.9,4.4,5.4,187.5
422,24.5,32,17.6,50,0,6.9,3.1,5.4,130.16666666666666
423,,,,,,,,,68.91666666666667
424,23.8,31.1,19.9,71,0,6.9,5,7.6,123.125
425,24.9,32,19.3,64,4.06,6.9,3.9,5.4,120.91666666666667
426,23.8,32,20.2,67,0,6.9,5.2,7.6,153.625
427,,,,,,,,,119.41666666666667
428,,,,,,,,,110.75
429,,,,,,,,,94.29166666666667
430,23.9,30.6,19.9,67,0.51,6.9,4.6,5.4,130.33333333333334
431,24.6,31.6,18.6,61,0.76,6.9,4.1,7.6,110.70833333333333
432,24.2,31.6,18.2,54,0,6.8,5.4,7.6,138.5
433,,,,,,,,,39.291666666666664
434,,,,,,,,,44.916666666666664
435,,,,,,,,,52.375
436,24.9,31.8,16.6,35,0,6.9,3.5,5.4,75.75
437,25.3,32.8,19,31,0,6.9,4.1,7.6,146.54166666666666
438,25.6,33.1,17.1,31,0,6.9,3.1,5.4,116.625
439,,,,,,,,,163.0
440,,,,,,,,,162.08333333333334
441,,,,,,,,,63.458333333333336
442,27.1,35.4,18.7,31,0,6.9,3.5,5.4,80.04166666666667
443,28.2,35.9,20.8,33,0,7.7,0.9,3.5,100.04166666666667
444,27.9,35.9,22.4,42,0,6.9,1.1,5.4,109.45833333333333
445,,,,,,,,,103.08333333333333
446,,,,,,,,,208.83333333333334
447,,,,,,,,,74.66666666666667
448,27.6,35.3,20.5,37,0,6.9,2.4,5.4,110.16666666666667
449,27.3,35.3,20.3,38,0,6.9,2.6,7.6,108.20833333333333
450,26.8,34.6,19.4,33,0,6.9,2.2,5.4,103.83333333333333
451,,,,,,,,,111.5
452,,,,,,,,,98.58333333333333
453,,,,,,,,,60.416666666666664
454,28.6,36,23.5,33,0,6.9,1.3,3.5,74.29166666666667
455,28.3,35.8,21.9,49,0,6.9,2.8,3.5,101.79166666666667
456,29.2,35.8,23.4,43,0,6.9,3.3,7.6,106.16666666666667
457,28.9,36,23.3,40,0,6.9,3.3,5.4,89.875
458,,,,,,,,,71.95833333333333
459,,,,,,,,,76.41666666666667
460,,,,,,,,,113.375
461,28.6,36.2,22.3,38,0,6.9,2.4,5.4,48.208333333333336
462,28.5,36.4,22.6,47,0,6.9,4.3,7.6,47.041666666666664
463,25.7,36.4,20.4,59,8.89,6.6,3.9,5.4,67.79166666666667
464,,,,,,,,,65.45833333333333
465,,,,,,,,,77.75
466,,,,,,,,,114.45833333333333
467,27.1,34.5,22.3,59,0,6.9,3,3.5,56.666666666666664
468,27.7,34.5,23.1,56,5.08,6.9,2.8,7.6,79.0
469,27.6,34,22.7,56,0,6.9,3,5.4,123.58333333333333
470,,,,,,,,,97.875
471,,,,,,,,,77.33333333333333
472,,,,,,,,,48.333333333333336
473,28.6,35.4,22.2,47,0.51,6.9,2.4,5.4,80.29166666666667
474,28.7,35.5,23.4,36,0,6.9,1.9,3.5,137.875
475,28.7,35.5,21.5,34,0,7.7,1.5,5.4,87.875
476,,,,,,,,,61.875
477,,,,,,,,,82.125
478,,,,,,,,,139.91666666666666
479,29.8,36.5,23.8,53,0,7.7,3.3,5.4,121.20833333333333
480,29.6,36.5,24.7,52,0,6.9,1.9,3.5,97.04166666666667
481,29.3,36.3,24.8,49,0,6.9,2.8,3.5,92.08333333333333
482,,,,,,,,,105.75
483,,,,,,,,,119.16666666666667
484,,,,,,,,,121.45833333333333
485,28.8,36,24.2,50,0,6.9,3.9,5.4,130.625
486,28.6,35.8,24.6,50,0.51,6.3,3.9,7.6,90.5
487,27.8,35.8,20,56,0,6.9,3.1,7.6,55.416666666666664
488,,,,,,,,,79.29166666666667
489,,,,,,,,,81.875
490,,,,,,,,,73.20833333333333
491,24.5,30.6,21.4,76,2.03,7.7,5.2,7.6,108.33333333333333
492,22.8,26.7,21,86,0,6.3,5.2,5.4,198.875
493,24.1,28.3,20.5,78,6.6,6.9,4.6,7.6,120.70833333333333
494,,,,,,,,,117.375
495,,,,,,,,,86.83333333333333
496,,,,,,,,,88.625
497,27.4,35.6,23.8,60,0.25,6.9,3.9,7.6,60.541666666666664
498,28.8,35.6,22.8,47,0,6.9,4.1,7.6,79.0
499,28.6,35.5,22.8,49,0,6.9,3.9,5.4,133.70833333333334
500,,,,,,,,,87.08333333333333
501,,,,,,,,,107.91666666666667
502,,,,,,,,,76.625
503,28.4,35.5,23.6,56,0,7.7,3.7,14.8,53.25
504,25.8,33.9,21.4,71,4.06,6.9,1.5,5.4,65.16666666666667
505,26.3,33,21.2,65,0,7.4,4.3,7.6,83.58333333333333
506,,,,,,,,,86.91666666666667
507,,,,,,,,,65.16666666666667
508,,,,,,,,,44.291666666666664
509,26.4,35.2,18.9,62,9.4,9.2,4.4,5.4,40.666666666666664
510,27.8,34.4,22.2,61,0,7.7,2.4,5.4,48.125
511,25.8,34.5,20.2,70,-,6.9,3.9,5.4,103.16666666666667
512,,,,,,,,,119.70833333333333
513,,,,,,,,,124.25
514,,,,,,,,,143.04166666666666
515,28.1,35,22.3,57,0,7.4,3.3,5.4,143.375
516,27.6,35,20.1,60,13.72,6.9,3.9,5.4,44.791666666666664
517,25.9,34.5,20.4,70,0,6.9,4.6,7.6,71.95833333333333
518,24.5,29.2,20,75,0,6.9,2.8,3.5,17.5
519,,,,,,,,,87.08333333333333
520,,,,,,,,,84.04166666666667
521,,,,,,,,,85.54166666666667
522,25.9,31.2,22.2,72,0,7.7,6.1,11.1,101.0
523,25.9,31.3,20.9,73,0,6.9,7.4,9.4,76.20833333333333
524,24.6,31.3,22.2,74,0,6.9,9.4,22.2,84.33333333333333
525,,,,,,,,,84.20833333333333
526,,,,,,,,,83.375
527,,,,,,,,,55.958333333333336
528,24.1,30.7,21.9,74,-,5.8,8.1,14.8,48.833333333333336
529,25.4,30.2,21.4,67,0,9.2,8.9,9.4,64.45833333333333
530,25.2,31,21.6,71,0,7.7,9.3,14.8,80.54166666666667
531,,,,,,,,,58.083333333333336
532,,,,,,,,,49.958333333333336
533,,,,,,,,,101.70833333333333
534,24.4,29.4,20.8,72,0,6.9,9.8,11.1,65.41666666666667
535,24.7,29.2,21.2,71,0,7.4,9.1,11.1,54.666666666666664
536,25.3,30.4,21.2,69,0,6.6,8.7,11.1,78.54166666666667
537,,,,,,,,,73.0
538,,,,,,,,,58.625
539,,,,,,,,,61.5
540,26,32,21.4,61,0,6.9,5.7,7.6,49.125
541,26.6,33,21.4,60,0,6.9,4.3,5.4,65.875
542,27.4,33.6,22.2,58,0,7.7,2.4,3.5,72.41666666666667
543,,,,,,,,,71.29166666666667
544,,,,,,,,,74.375
545,,,,,,,,,107.16666666666667
546,24.9,31.3,21.1,75,22.61,6.9,5.9,9.4,184.66666666666666
547,25.4,30.6,21.8,69,0,6.9,5.2,7.6,113.33333333333333
548,25.5,30.8,20.8,64,0,6.9,6.9,14.8,146.20833333333334
549,,,,,,,,,65.375
550,,,,,,,,,111.04166666666667
551,,,,,,,,,111.125
552,23.1,27.5,20.8,81,1.02,6.9,6.3,11.1,112.29166666666667
553,22.6,27.5,20.3,82,0,6.9,5.2,9.4,60.625
554,22.7,28.6,19.9,83,1.02,6.9,5.6,7.6,71.0
555,,,,,,,,,57.041666666666664
556,,,,,,,,,67.41666666666667
557,,,,,,,,,132.70833333333334
558,-,-,-,-,-,-,-,-,153.41666666666666
559,23.6,27.1,20.3,76,9.91,6.6,8.7,14.8,134.95833333333334
560,23,26.6,21,80,0,5.8,9.6,14.8,81.125
561,24,28.5,20.6,74,-,9.2,7.6,16.5,197.66666666666666
562,,,,,,,,,160.75
563,,,,,,,,,29.125
564,,,,,,,,,52.25
565,23.3,28.4,20,77,1.27,6.3,6.7,11.1,160.375
566,23.9,28.9,21,74,0,6.3,11.1,14.8,99.375
567,23.2,28,21.4,81,8.89,6.6,7.4,14.8,123.875
568,,,,,,,,,131.41666666666666
569,,,,,,,,,53.875
570,,,,,,,,,31.458333333333332
571,24.1,29.4,20.4,78,0,6.9,6.3,7.6,47.375
572,23.4,28.4,21,79,4.06,6.6,5.7,9.4,38.166666666666664
573,23.7,27.7,21,75,-,6.9,9.4,13,42.541666666666664
574,,,,,,,,,35.791666666666664
575,,,,,,,,,43.458333333333336
576,,,,,,,,,35.958333333333336
577,22.9,28.4,20.5,85,1.78,5.5,7.6,11.1,25.083333333333332
578,23.1,27.4,20.4,81,4.57,5.5,7.8,11.1,45.833333333333336
579,23.2,28.2,21,81,0,5.5,7.4,14.8,33.708333333333336
580,,,,,,,,,31.875
581,,,,,,,,,69.79166666666667
582,,,,,,,,,62.916666666666664
583,23.6,27.8,20.8,73,0,8.2,7.2,11.1,26.416666666666668
584,22.8,28.4,20.7,83,0,6.3,6.9,11.1,30.666666666666668
585,23.6,29.2,20.2,79,0,6.9,6.9,9.4,29.958333333333332
586,,,,,,,,,47.458333333333336
587,,,,,,,,,48.916666666666664
588,,,,,,,,,37.125
589,22.8,28,20.4,84,0,6.9,5.2,9.4,23.875
590,23.1,29.3,20,81,0,5.8,5,7.6,22.333333333333332
591,24.1,29.5,20,74,7.11,9.2,4.4,5.4,25.083333333333332
592,,,,,,,,,32.958333333333336
593,,,,,,,,,31.5
594,,,,,,,,,56.375
595,24.1,28.8,20.2,83,11.18,6.9,2.2,7.6,66.79166666666667
596,24.7,30.8,20.7,80,6.86,6.9,0.9,3.5,64.875
597,25.4,30.8,20.4,78,32,6.9,0.9,3.5,47.583333333333336
598,,,,,,,,,48.291666666666664
599,,,,,,,,,51.375
600,,,,,,,,,43.375
601,23.7,29.6,20.5,79,0,6.9,6.7,9.4,33.5
602,23.2,28,20.2,75,1.02,6.9,8,9.4,43.041666666666664
603,21.8,28,20.1,85,0.51,5.5,7.2,9.4,38.416666666666664
604,,,,,,,,,29.166666666666668
605,,,,,,,,,37.375
606,,,,,,,,,60.0
607,22.6,27.4,19.8,79,-,6.9,7.8,9.4,49.291666666666664
608,22.7,27.4,20.4,80,1.52,6.9,7.2,9.4,19.541666666666668
609,22.5,27.2,20,84,0.25,6.9,5.6,9.4,22.833333333333332
610,23.1,26.8,19.7,79,0.51,7.7,6.7,9.4,24.291666666666668
611,,,,,,,,,25.291666666666668
612,,,,,,,,,23.416666666666668
613,,,,,,,,,47.041666666666664
614,23.3,28.7,20.3,77,0,6.9,6.3,9.4,74.66666666666667
615,23.2,28.9,19.8,71,0,6.3,9.1,11.1,41.875
616,24,29.9,19.1,69,0,6.9,7.8,11.1,50.583333333333336
617,,,,,,,,,44.416666666666664
618,,,,,,,,,66.45833333333333
619,,,,,,,,,62.916666666666664
620,24.3,30.3,20.5,67,0,8.5,5.2,7.6,58.125
621,23.4,29.9,20.6,74,-,6.9,5,9.4,57.291666666666664
622,23.9,29.4,21,73,-,6.3,7,14.8,38.25
623,,,,,,,,,57.208333333333336
624,,,,,,,,,50.333333333333336
625,,,,,,,,,50.416666666666664
626,23.4,27.8,20.6,79,0,6.9,5.9,9.4,47.416666666666664
627,23.7,27.8,20.1,74,1.78,7.4,5.9,7.6,56.916666666666664
628,24.2,28.3,20,72,0,6.6,2.8,5.4,54.625
629,,,,,,,,,42.875
630,,,,,,,,,41.208333333333336
631,,,,,,,,,42.375
632,23.9,31.1,20.1,78,10.67,6.9,1.3,3.5,45.958333333333336
633,24.2,31.1,19.9,81,132.33,6.9,1.9,5.4,52.25
634,24.8,30,20,72,6.1,9.2,3.5,5.4,43.333333333333336
635,,,,,,,,,41.875
636,,,,,,,,,44.416666666666664
637,,,,,,,,,49.5
638,24.7,29.9,20.7,69,3.81,7.7,2.2,3.5,41.958333333333336
639,25.4,30.7,19.8,64,0,6.9,2.2,3.5,0.0
640,25.3,30.7,20.8,76,0,7.4,0.6,3.5,0.0
641,,,,,,,,,0.0
642,,,,,,,,,0.0
643,,,,,,,,,0.0
644,23.6,30.4,19.6,79,31.5,6.9,2.8,5.4,45.75
645,22.6,30.4,19.1,84,51.82,6.9,1.9,3.5,70.70833333333333
646,23.6,29.9,19.3,83,62.99,6.8,1.9,3.5,51.791666666666664
647,,,,,,,,,66.75
648,,,,,,,,,39.958333333333336
649,,,,,,,,,0.0
650,24.4,30,20.8,67,0,9.2,5,9.4,0.0
651,25.4,30.3,21.2,66,0,8.2,2.6,5.4,11.583333333333334
652,24,30.3,21.1,75,0,9.2,3.9,7.6,13.0
653,,,,,,,,,7.875
654,,,,,,,,,33.541666666666664
655,,,,,,,,,151.04166666666666
656,21.6,24.3,19.8,86,3.05,5.5,3.1,3.5,156.25
657,22,25.4,20.2,82,0.51,6.3,3.1,5.4,156.0
658,22.7,26.8,20.4,76,0,9.2,3.3,5.4,151.79166666666666
659,,,,,,,,,181.54166666666666
660,,,,,,,,,219.95833333333334
661,,,,,,,,,231.0
662,22,27.5,20.4,89,0,5.5,3.1,3.5,252.625
663,22.4,27.5,19.8,87,55.37,6.3,3.1,3.5,119.41666666666667
664,21.9,27.3,19.8,90,5.84,6.3,3,5.4,126.0
665,,,,,,,,,172.66666666666666
666,,,,,,,,,207.04166666666666
667,,,,,,,,,230.25
668,22,28.4,17.5,70,0,6.3,1.3,3.5,232.33333333333334
669,23.2,28.2,20,72,0,6.9,2.2,3.5,215.54166666666666
670,22.8,27.6,19.8,74,-,6.9,2,5.4,239.41666666666666
671,21.4,27.6,18.4,71,0,6.3,0.9,3.5,196.54166666666666
672,,,,,,,,,206.75
673,,,,,,,,,235.58333333333334
674,,,,,,,,,199.875
675,23.2,29.4,17.9,58,0,6.3,2,5.4,232.54166666666666
676,23,29.5,18.8,59,0,6.3,0.4,3.5,185.5
677,23.2,29.5,18.8,63,0,6.3,0.9,3.5,282.1666666666667
678,,,,,,,,,226.45833333333334
679,,,,,,,,,222.125
680,,,,,,,,,317.0
681,20.2,27.4,19.6,94,3.81,4,3.5,3.5,257.6666666666667
682,21.4,24.6,20.2,91,0,5.5,3.7,7.6,166.875
683,21.9,27.4,18,80,5.84,6.3,2.8,5.4,135.16666666666666
684,,,,,,,,,133.125
685,,,,,,,,,175.04166666666666
686,,,,,,,,,189.66666666666666
687,22.1,28.1,17.4,71,0,6.6,2.8,3.5,211.45833333333334
688,21.8,28,18.3,70,0,9.2,2.8,3.5,215.5
689,22.2,28.8,17.1,68,0,6.3,0.4,3.5,223.375
690,,,,,,,,,187.54166666666666
691,,,,,,,,,198.45833333333334
692,,,,,,,,,156.70833333333334
693,21.2,26.7,18,68,0,6.9,2.4,5.4,135.58333333333334
694,21.4,27.4,15.8,64,0,6.3,1.1,5.4,152.04166666666666
695,21.7,29.2,16.5,60,0,8.2,1.9,3.5,141.41666666666666
696,,,,,,,,,248.625
697,,,,,,,,,162.54166666666666
698,,,,,,,,,0.0
699,22.3,28.2,16.6,50,0,6.6,1.9,5.4,46.708333333333336
700,21.3,28.2,17,60,0,6.9,0.9,3.5,91.75
701,21.1,29,15.3,55,0,8,0.4,3.5,99.91666666666667
702,,,,,,,,,113.375
703,,,,,,,,,166.70833333333334
704,,,,,,,,,146.66666666666666
705,21.9,28.6,17.6,72,0,6.3,3,9.4,119.70833333333333
706,22.8,29.2,18.4,77,0,6.3,1.9,3.5,110.875
707,23.3,29.3,19.8,74,0,5.6,2.8,3.5,200.33333333333334
708,,,,,,,,,161.79166666666666
709,,,,,,,,,169.04166666666666
710,,,,,,,,,216.79166666666666
711,21.6,26.6,18.2,76,0,6.3,2.4,5.4,203.58333333333334
712,21.6,26.4,19.6,83,0,6.9,1.3,3.5,25.083333333333332
713,23.1,28.8,19.1,74,0,6.9,2.8,3.5,57.083333333333336
714,,,,,,,,,152.83333333333334
715,,,,,,,,,177.70833333333334
716,,,,,,,,,239.04166666666666
717,21.1,25.2,18.8,78,0,5.5,3.1,3.5,349.2916666666667
718,21.4,28,17.6,71,0,6.3,1.9,5.4,188.04166666666666
719,21.1,28.3,17.1,74,0,7.7,0.9,3.5,310.25
720,,,,,,,,,375.7916666666667
721,,,,,,,,,297.7916666666667
722,,,,,,,,,441.7916666666667
723,20,28.4,15.8,65,0,6.3,1.9,3.5,204.375
724,20.1,27.3,14.2,56,0,9.2,1.3,3.5,223.25
725,20.8,27.4,13.9,58,0,7.7,2,5.4,248.95833333333334
726,,,,,,,,,441.4166666666667
727,,,,,,,,,237.79166666666666
728,,,,,,,,,334.875
729,-,-,-,-,-,-,-,-,172.75
730,22.3,29.5,19.2,77,7.62,6.3,0.9,3.5,146.79166666666666
731,22.2,29.2,17.6,71,1.52,5.5,1.9,7.6,113.875
732,22.1,29.2,18.7,76,0,6,1.3,3.5,144.75
733,,,,,,,,,118.45833333333333
734,,,,,,,,,170.91666666666666
735,,,,,,,,,227.0
736,21.9,28.6,17.4,60,0,6.9,0.4,3.5,231.25
737,22.1,28.6,17.6,71,0,6.3,0.6,3.5,272.125
738,21.6,27.6,18.5,72,0,6.3,1.9,3.5,205.25
739,,,,,,,,,256.0
740,,,,,,,,,272.4166666666667
741,,,,,,,,,228.79166666666666
742,19.4,27.1,13.7,60,0,8.5,0.9,3.5,200.875
743,19.4,27.1,13.7,67,0,6,0.2,1.9,214.04166666666666
744,20.1,27.1,14.7,63,0,6.3,2.8,7.6,210.0
745,,,,,,,,,210.125
746,,,,,,,,,227.75
747,,,,,,,,,217.25
748,21.3,28.2,15.4,61,0,8.5,3.3,5.4,212.45833333333334
749,20.9,28.2,15.6,63,0,6.3,3,5.4,202.66666666666666
750,21,27.4,15.5,61,0,6.3,4.8,7.6,149.875
751,,,,,,,,,85.08333333333333
752,,,,,,,,,102.875
753,,,,,,,,,138.79166666666666
754,22.1,29.4,17,59,0,7.7,3.3,5.4,153.08333333333334
755,21.3,28.4,15.6,57,0,7.7,4.6,7.6,159.70833333333334
756,21.4,27.9,16,60,0,6.3,4.1,9.4,147.375
757,,,,,,,,,171.0
758,,,,,,,,,133.41666666666666
759,,,,,,,,,151.875
760,22.8,30.2,16.6,51,0,6.3,3.9,9.4,224.79166666666666
761,21.9,30.2,16.2,53,0,6.3,3.7,7.6,177.625
762,21.2,29.3,16.4,63,0,6.3,5.2,9.4,149.625
763,21.4,28.6,15,58,0,6.3,3.9,9.4,114.20833333333333
764,,,,,,,,,97.5
765,,,,,,,,,162.0
766,,,,,,,,,161.16666666666666
767,22.3,30.2,16.3,48,0,6.3,4.1,5.4,136.75
768,22.7,30.6,15.7,50,0,6.3,3.7,9.4,50.916666666666664
769,22.2,30.6,15.5,54,0,6.3,3.3,5.4,117.20833333333333
770,,,,,,,,,146.75
771,,,,,,,,,166.33333333333334
772,,,,,,,,,120.20833333333333
773,24,32,17.7,50,0,6.9,1.3,3.5,137.125
774,24.7,32.7,17.9,43,0,6.3,0.9,3.5,197.08333333333334
775,24.9,33,16.5,32,0,6.3,0.9,3.5,161.91666666666666
776,,,,,,,,,161.375
777,,,,,,,,,144.16666666666666
778,,,,,,,,,166.375
779,24.5,33.1,18.6,39,0,6.3,1.9,3.5,126.58333333333333
780,24.2,32.1,16.9,37,0,6.9,3.3,11.1,94.91666666666667
781,23.7,31.7,17.3,41,0,6.9,3.1,5.4,64.95833333333333
782,,,,,,,,,157.25
783,,,,,,,,,182.54166666666666
784,,,,,,,,,133.95833333333334
785,24.6,32.4,17,27,0,6.9,0.9,3.5,69.25
786,25.6,33.5,17.2,42,0,6.9,2.2,5.4,79.29166666666667
787,26.1,33.6,20.1,46,0,6.9,3.5,5.4,92.04166666666667
788,,,,,,,,,31.625
789,25.2,32.6,20.8,62,0,6.9,3.7,7.6,20.416666666666668
790,25.8,32.6,21.4,62,0,6.9,2.2,3.5,61.125
791,23.4,32.4,19.9,77,22.1,6.3,1.9,3.5,87.79166666666667
792,,,,,,,,,95.375
793,,,,,,,,,81.95833333333333
794,,,,,,,,,49.583333333333336
795,25.8,31.4,21.3,63,0,6.6,2.6,5.4,34.916666666666664
796,25.3,31.5,20.1,59,0,6.9,3.3,5.4,47.5
797,24.5,31.5,19.6,65,0,6.9,2.2,3.5,81.29166666666667
798,,,,,,,,,111.45833333333333
799,,,,,,,,,133.04166666666666
800,,,,,,,,,128.83333333333334
801,24.5,31.2,18.6,54,0,6.9,3.9,5.4,56.333333333333336
802,25.1,32.7,18.4,48,0,6.9,1.9,3.5,20.291666666666668
803,25.8,32.7,20.4,55,0,6.9,3,5.4,34.458333333333336
804,,,,,,,,,56.791666666666664
805,,,,,,,,,48.916666666666664
806,,,,,,,,,59.166666666666664
807,26.5,35.1,19.6,44,0,6.9,2.2,5.4,83.83333333333333
808,26.9,34.7,19.5,25,0,6.9,2,5.4,89.375
809,27.1,34.7,19.6,26,0,6.9,0,-,65.83333333333333
810,,,,,,,,,58.666666666666664
811,,,,,,,,,67.08333333333333
812,,,,,,,,,101.375
813,27.9,35.8,22.3,43,0,6.3,3,5.4,109.75
814,27,34.5,21,47,0,6.3,2.8,3.5,42.916666666666664
815,26.3,34.5,19.9,46,0,6.3,2.2,3.5,84.41666666666667
816,,,,,,,,,97.08333333333333
817,,,,,,,,,21.583333333333332
818,,,,,,,,,47.25
819,26.5,33.8,22.3,58,0,6.9,1.9,3.5,81.20833333333333
820,26.9,33.4,21.6,56,1.27,6.9,2.2,3.5,52.291666666666664
821,27.9,35.1,22.4,53,0,6.9,2.4,5.4,28.458333333333332
822,28,35.1,22.8,54,0,6.9,2.8,3.5,23.666666666666668
823,,,,,,,,,67.04166666666667
824,,,,,,,,,90.0
825,,,,,,,,,49.5
826,28.9,35.5,22.7,52,0,6.9,1.5,7.6,75.16666666666667
827,28.2,35.5,24.1,55,0,6.9,3.1,3.5,53.125
828,28.1,35,23,54,0,6.9,4.1,9.4,76.25
829,,,,,,,,,69.04166666666667
830,,,,,,,,,41.166666666666664
831,,,,,,,,,54.708333333333336
832,21.3,29,18.8,77,11.94,6.3,1.3,3.5,52.625
833,23.2,30.5,18.1,71,8.89,6.9,0.7,5.4,51.375
834,23.2,30.5,19.8,80,0,6.3,1.5,7.6,45.5
835,,,,,,,,,56.833333333333336
836,,,,,,,,,100.41666666666667
837,,,,,,,,,94.33333333333333
838,26.8,32.3,21.4,54,0,7.7,0,-,92.91666666666667
839,26.6,32.3,21.9,62,0,6.9,1.3,3.5,80.20833333333333
840,26.8,32.3,21.7,63,0,6.9,0.4,3.5,76.66666666666667
841,,,,,,,,,56.875
842,,,,,,,,,98.375
843,,,,,,,,,71.66666666666667
844,23.9,33.4,19.8,70,35.56,6.6,4.3,22.2,31.833333333333332
845,23.7,31.3,19.2,70,35.81,6.3,0.4,3.5,47.666666666666664
846,25.5,31.1,20.8,68,5.08,6.9,1.3,3.5,38.25
847,,,,,,,,,41.375
848,,,,,,,,,48.416666666666664
849,,,,,,,,,48.125
850,26.8,33.8,20.1,61,9.65,6.9,1.9,3.5,56.25
851,24.5,33.8,20.4,73,0,6.9,2.2,7.6,103.41666666666667
852,25.7,33.3,20,65,12.19,6.9,1.9,7.6,76.5
853,,,,,,,,,136.25
854,,,,,,,,,117.91666666666667
855,,,,,,,,,76.875
856,26.6,30.8,22.2,68,0,6.9,1.3,3.5,86.375
857,27.7,33.4,22.2,61,0,6.9,2,5.4,77.70833333333333
858,25.9,33.4,23.3,62,0,6,3.1,7.6,73.41666666666667
859,,,,,,,,,74.75
860,,,,,,,,,73.66666666666667
861,,,,,,,,,48.5
862,24.2,32,21.9,71,2.54,6.9,0.2,1.9,55.083333333333336
863,24.9,29.6,21.6,71,0.25,6.9,1.9,3.5,67.45833333333333
864,24.9,31.2,22.2,77,0,6.3,3.1,7.6,75.04166666666667
865,,,,,,,,,63.958333333333336
866,,,,,,,,,32.583333333333336
867,,,,,,,,,18.875
868,24.8,32,20.2,78,0,6.3,4.6,11.1,61.5
869,26.3,33,19.1,76,39.12,6.9,5.2,7.6,68.91666666666667
870,26.6,33,22.5,75,0,6.9,7.6,18.3,42.125
871,,,,,,,,,43.125
872,,,,,,,,,60.75
873,,,,,,,,,77.375
874,27.3,33.3,22.3,63,0,6.3,5.6,9.4,63.916666666666664
875,27.1,33,22.3,66,0,6.3,5.2,9.4,63.666666666666664
876,25.2,32.2,19.2,72,0,6.9,6.5,9.4,139.125
877,,,,,,,,,60.083333333333336
878,,,,,,,,,81.5
879,,,,,,,,,63.625
880,24.2,32.2,19.9,81,0,6.6,5.4,9.4,25.458333333333332
881,24.3,31,19.9,77,0,6.6,3.7,7.6,20.75
882,24.5,31,20.7,78,0,6.9,4.8,7.6,40.5
883,24.6,30.5,21.2,81,0.25,6.9,2.4,5.4,70.08333333333333
884,,,,,,,,,108.66666666666667
885,,,,,,,,,76.25
886,,,,,,,,,64.83333333333333
887,26.2,32,21.6,65,0,6.9,7.4,14.8,63.0
888,25.4,31.2,21.3,72,0.51,6.9,7.8,14.8,73.83333333333333
889,24.7,31.2,21.2,76,3.05,6.9,6.3,9.4,29.5
890,,,,,,,,,56.375
891,,,,,,,,,30.375
892,,,,,,,,,31.875
893,23.7,29.7,20.5,80,0.51,6.9,5,7.6,54.958333333333336
894,22.6,29.7,20.1,84,18.54,6.9,5.7,11.1,77.75
895,24.1,29,19.8,72,0,5.8,5.4,11.1,82.0
896,,,,,,,,,87.875
897,,,,,,,,,92.54166666666667
898,,,,,,,,,75.33333333333333
899,23.1,27.4,21.2,83,0,5.5,8.1,14.8,32.583333333333336
900,23.2,28.3,20.8,80,1.78,6.3,12,16.5,28.375
901,22.7,28.3,20.6,85,0.51,5.5,6.9,11.1,28.125
902,,,,,,,,,52.833333333333336
903,,,,,,,,,93.41666666666667
904,,,,,,,,,28.541666666666668
905,24.5,30.6,21.1,78,0.51,6.9,8.3,11.1,51.041666666666664
906,23.7,30.6,21.4,81,0,6.9,8.9,11.1,40.0
907,24.1,29,20.4,76,0,6.9,12.2,18.3,52.458333333333336
908,,,,,,,,,30.541666666666668
909,,,,,,,,,37.625
910,,,,,,,,,37.583333333333336
911,24.6,30.7,20.6,71,0,6.9,5.2,7.6,37.625
912,24.2,30.3,20.4,75,0,6.3,8.1,14.8,34.375
913,24.6,30.2,20.4,76,0,6.3,5.7,7.6,71.29166666666667
914,,,,,,,,,111.08333333333333
915,,,,,,,,,32.0
916,,,,,,,,,42.291666666666664
917,23.7,30.7,19.3,74,3.05,6.9,6.9,11.1,45.666666666666664
918,23.8,30.6,20.2,76,0,6.9,6.7,14.8,40.625
919,24,29.2,20.8,78,7.11,6.3,6.9,11.1,28.25
920,,,,,,,,,20.5
921,,,,,,,,,19.0
922,,,,,,,,,26.875
923,25.4,31.6,20.8,71,0,6.9,6.5,11.1,30.708333333333332
924,25.2,31.6,21.4,73,0,6.9,6.5,11.1,10.208333333333334
925,23.9,30,21.2,77,0,6.9,7.8,11.1,0.0
926,,,,,,,,,25.083333333333332
927,,,,,,,,,47.5
928,,,,,,,,,43.041666666666664
929,21.8,29.8,20,86,12.19,4.8,8.1,14.8,19.416666666666668
930,22.6,29,18.8,84,2.03,5.3,6.1,9.4,8.416666666666666
931,22.4,29,20.1,88,26.16,5.5,4.3,9.4,20.916666666666668
932,,,,,,,,,19.75
933,,,,,,,,,15.75
934,,,,,,,,,0.0
935,23.2,28.1,20.1,83,1.02,6.9,6.1,11.1,0.0
936,23.3,27.8,20.4,79,0,6.9,6.3,9.4,4.833333333333333
937,23.4,28,20.8,79,0,5.5,8.3,11.1,8.291666666666666
938,,,,,,,,,9.333333333333334
939,,,,,,,,,5.041666666666667
940,,,,,,,,,15.375
941,23.9,29.9,20,76,0,6.9,5,7.6,19.833333333333332
942,23.7,30.3,20.6,76,0.25,6.9,5.2,7.6,25.791666666666668
943,24,30.3,20.6,75,3.05,6.9,6.5,9.4,22.708333333333332
944,23.6,28.8,21,77,0,6.3,5.9,11.1,27.125
945,,,,,,,,,42.458333333333336
946,,,,,,,,,35.5
947,,,,,,,,,31.333333333333332
948,22.6,29.3,20.3,83,0.25,5.5,5.7,9.4,47.416666666666664
949,23.6,28.5,20.4,79,0,6.3,6.1,7.6,33.791666666666664
950,23.3,28.5,20.6,80,2.03,6.9,3.7,7.6,54.875
951,,,,,,,,,49.625
952,,,,,,,,,35.041666666666664
953,,,,,,,,,39.041666666666664
954,23.4,27.6,20,83,0,6.9,5.6,9.4,41.708333333333336
955,24.6,29.4,20.7,77,0,6.3,4.8,9.4,28.75
956,25.2,31.1,20.5,72,0,6.9,5.2,9.4,31.0
957,,,,,,,,,37.791666666666664
958,,,,,,,,,34.041666666666664
959,,,,,,,,,12.25
960,25.6,31.2,22.3,79,0.76,6.9,3.3,5.4,14.5
961,25.3,31.6,22.4,74,0,6.3,3.9,9.4,23.916666666666668
962,23.4,31.6,21,80,0.76,6.9,3.3,11.1,26.458333333333332
963,,,,,,,,,25.333333333333332
964,,,,,,,,,24.208333333333332
965,,,,,,,,,27.375
966,24.4,29.6,19.7,67,0,6.9,3.1,7.6,29.208333333333332
967,23.8,30.1,19.6,71,0,6.3,3.9,7.6,36.5
968,22.5,30.1,20.3,86,1.78,6.3,4.6,7.6,57.25
969,,,,,,,,,38.666666666666664
970,,,,,,,,,28.5
971,,,,,,,,,27.833333333333332
972,25.1,29.7,20.8,69,-,6.9,4.3,5.4,44.125
973,25.5,31,21.1,66,0.51,7.7,3.1,5.4,62.25
974,25.4,31,21.6,67,0,6.9,2.8,5.4,60.125
975,25.7,31.7,22,70,-,6.6,2,3.5,54.25
976,,,,,,,,,43.083333333333336
977,,,,,,,,,37.416666666666664
978,,,,,,,,,34.666666666666664
979,22.4,30.8,20,87,37.08,6,3,5.4,39.208333333333336
980,23,28.5,19.8,82,36.58,6.9,5.9,7.6,38.708333333333336
981,22.9,27.6,20.5,82,0,6.9,5.6,9.4,31.375
982,,,,,,,,,16.583333333333332
983,,,,,,,,,66.83333333333333
984,,,,,,,,,69.95833333333333
985,23.7,29.7,19.3,75,5.08,7.7,5.6,9.4,94.375
986,23.5,29.7,19.4,76,0,6.3,7.8,11.1,85.75
987,23.1,28,19.3,75,0,6.3,9.4,18.3,80.66666666666667
988,,,,,,,,,93.66666666666667
989,,,,,,,,,39.5
990,,,,,,,,,51.666666666666664
991,24.2,29.4,20.2,76,0,6.3,3.7,11.1,39.416666666666664
992,22.9,29.4,20.4,83,0,5.5,6.3,11.1,23.958333333333332
993,23.6,29.4,19.2,77,7.11,6.9,2.8,7.6,19.916666666666668
994,,,,,,,,,11.5
995,,,,,,,,,32.958333333333336
996,,,,,,,,,43.5
997,24.3,33.2,18.7,76,18.8,6.9,1.3,3.5,50.416666666666664
998,23.2,30.3,20,82,9.14,6.9,2.2,5.4,55.708333333333336
999,23.8,31.6,20.2,78,0.51,6,2.4,5.4,47.083333333333336
1000,,,,,,,,,51.458333333333336
1001,,,,,,,,,35.541666666666664
1002,,,,,,,,,57.125
1003,24.5,30,21,77,0.51,6.9,2,5.4,69.375
1004,24.6,30,21.7,78,2.54,6.3,3.5,5.4,65.375
1005,24.7,29.8,21.3,77,0.25,6.9,3.9,9.4,75.625
1006,,,,,,,,,88.95833333333333
1007,,,,,,,,,93.25
1008,,,,,,,,,112.29166666666667
1009,24.2,30.2,20.3,79,6.6,6.9,3.9,9.4,97.70833333333333
1010,24,30.2,20.9,77,4.32,6.9,3.5,5.4,80.70833333333333
1011,24.3,29.4,20.6,75,0,6.9,7.2,11.1,69.25
1012,,,,,,,,,55.916666666666664
1013,,,,,,,,,62.708333333333336
1014,,,,,,,,,81.625
1015,25.1,31,21.2,62,0,6.9,1.9,3.5,65.375
1016,25.1,32.1,19.6,52,0,6.9,2.2,3.5,84.375
1017,25.2,32.1,19.7,59,0,6.9,0.7,3.5,115.875
1018,,,,,,,,,140.16666666666666
1019,,,,,,,,,175.375
1020,,,,,,,,,141.95833333333334
1021,25.6,31.8,20.6,62,0,6.9,3.5,5.4,153.375
1022,25.5,31.4,21.5,63,0,5.5,2,5.4,162.875
1023,24.9,30.6,21.4,61,0,6.3,2,5.4,115.70833333333333
1024,,,,,,,,,100.625
1025,,,,,,,,,91.125
1026,,,,,,,,,0.0
1027,24.2,31.8,17.8,60,0,6.3,3.5,5.4,49.333333333333336
1028,24.4,29.8,20,62,0,6.9,3,5.4,107.33333333333333
1029,24.4,29.6,20.6,67,-,6.9,0.9,3.5,80.16666666666667
1030,,,,,,,,,84.04166666666667
1031,,,,,,,,,97.25
1032,,,,,,,,,273.625
1033,24.7,30.8,20.6,72,0,7.7,1.3,3.5,256.9583333333333
1034,23.4,29.5,21.7,83,1.02,6.3,0,-,185.08333333333334
1035,23.1,30.9,20,83,51.05,5.5,1.1,5.4,249.5
1036,21.8,30.9,19.5,87,7.11,6.3,1.5,5.4,269.5833333333333
1037,,,,,,,,,135.375
1038,,,,,,,,,166.16666666666666
1039,,,,,,,,,365.75
1040,23.7,28.5,20.8,69,0,6.6,1.5,3.5,241.875
1041,23,28.5,19.3,76,0,6.3,0.9,3.5,176.875
1042,20.2,27.3,18.4,92,0,4,3.5,5.4,205.0
1043,,,,,,,,,113.625
1044,,,,,,,,,296.875
1045,,,,,,,,,353.0416666666667
1046,19.3,24.6,17,88,14.22,6.3,0.7,3.5,257.4166666666667
1047,20.2,24.8,16.1,75,0,5.5,0.9,3.5,204.75
1048,19.1,24.8,17.7,89,0,4,2,5.4,160.95833333333334
1049,,,,,,,,,130.75
1050,,,,,,,,,174.79166666666666
1051,,,,,,,,,207.83333333333334
1052,21.7,24.6,19.5,90,14.48,4,1.9,3.5,268.1666666666667
1053,22,26.4,19.8,87,0.51,5.8,2.2,5.4,278.3333333333333
1054,21.9,26.4,19.6,85,14.22,6.9,2,5.4,256.7083333333333
1055,,,,,,,,,279.5833333333333
1056,,,,,,,,,280.2083333333333
1057,,,,,,,,,157.5
1058,21.4,27.5,17.5,66,0,6.9,0.2,1.9,156.375
1059,22.6,28,17.7,74,0,6.3,0,-,200.5
1060,22.7,28.9,18.6,64,0,6.9,1.3,3.5,267.0416666666667
1061,,,,,,,,,272.0833333333333
1062,,,,,,,,,337.125
1063,,,,,,,,,212.125
1064,21.1,23.8,19.8,91,0,6.3,0.7,5.4,190.5
1065,21,23.9,19.6,93,1.02,6.3,0.9,3.5,236.41666666666666
1066,21.5,24.9,18.9,87,2.79,6.9,0.9,3.5,187.875
1067,,,,,,,,,252.54166666666666
1068,,,,,,,,,312.625
1069,,,,,,,,,286.375
1070,22.3,28.7,17.5,70,0,6.3,1.3,5.4,288.0833333333333
1071,21.5,28.7,17,68,0,6.3,2.2,5.4,302.4583333333333
1072,21.4,28.2,18.4,83,0.51,5.8,1.1,3.5,261.25
1073,,,,,,,,,269.125
1074,,,,,,,,,249.95833333333334
1075,,,,,,,,,163.0
1076,24.1,30.9,20.4,70,0,6.9,2,5.4,161.375
1077,23.6,30.9,19.6,79,0,6.3,2.8,5.4,157.375
1078,23.3,29.9,20,71,0,6.3,1.9,3.5,162.875
1079,,,,,,,,,244.16666666666666
1080,,,,,,,,,239.79166666666666
1081,,,,,,,,,245.91666666666666
1082,22.4,28.3,18.9,71,0,6.3,2.2,5.4,264.5833333333333
1083,22.2,28.4,18.8,73,0,6.9,1.9,5.4,253.29166666666666
1084,22.2,28.8,18.3,65,0,6.9,2.4,5.4,338.625
1085,,,,,,,,,431.8333333333333
1086,,,,,,,,,215.25
1087,,,,,,,,,181.20833333333334
1088,21.8,29.3,16.3,65,0,6.3,1.5,3.5,210.875
1089,21.8,28.2,18.2,67,0,6,2.4,5.4,255.33333333333334
1090,21.8,27.7,17.9,72,0,5.3,2.8,5.4,199.91666666666666
1091,,,,,,,,,190.5
1092,,,,,,,,,199.58333333333334
1093,,,,,,,,,137.5
1094,-,-,-,-,-,-,-,-,284.79583333333335
1095,20.1,28.4,15.7,54,0,6,3,5.4,219.72083333333333
1096,20.8,28.3,12.9,45,0,6.3,1.1,5.4,182.1875
1097,21.4,29,13.7,45,0,6.3,0.4,3.5,115.28749999999998
1098,,,,,,,,,0.0
1099,,,,,,,,,12.379166666666668
1100,,,,,,,,,154.03750000000002
1101,21,28.7,17,65,0,6.3,3.1,5.4,223.20833333333334
1102,20.4,27.6,16.2,61,0,5.5,1.3,5.4,200.64583333333337
1103,20.7,28.4,15.1,47,0,6.3,0.9,3.5,154.875
1104,,,,,,,,,129.38749999999996
1105,,,,,,,,,224.2458333333333
1106,,,,,,,,,285.22499999999997
1107,20.3,28.5,15.7,51,0,6.3,0.7,3.5,236.82499999999996
1108,21.1,27.2,15,51,0,6.3,3.5,5.4,276.90833333333336
1109,20.6,28.2,15.2,58,0,6.3,3.1,5.4,245.65
1110,,,,,,,,,218.67083333333326
1111,,,,,,,,,47.82500000000001
1112,,,,,,,,,108.0
1113,21.4,28.4,17.8,73,0.51,4.8,3,5.4,107.625
1114,21.2,25.9,19.4,88,0.51,4,1.3,3.5,125.89166666666667
1115,22.6,27.4,19,78,4.32,5.3,2.8,7.6,179.3083333333333
1116,,,,,,,,,239.85
1117,,,,,,,,,220.1916666666667
1118,,,,,,,,,181.01250000000005
1119,22.9,29.2,18.5,70,0,5.5,2.6,7.6,152.55416666666667
1120,23.1,28.9,18.9,68,0,6.3,0.9,3.5,152.32083333333335
1121,23.4,29.3,19,66,0,4.8,1.1,3.5,171.42916666666665
1122,,,,,,,,,251.375
1123,,,,,,,,,251.82916666666668
1124,,,,,,,,,319.7375
1125,23.1,30.7,16.4,43,0,6.3,1.5,5.4,332.7083333333333
1126,23.3,31.4,16.4,36,0,6.9,0.9,3.5,279.59999999999997
1127,23.7,31.9,16.3,35,0,6.9,0.9,3.5,179.11666666666667
1128,23.6,32.2,16.2,44,0,6.3,1.5,5.4,166.29999999999998
1129,,,,,,,,,78.25416666666666
1130,,,,,,,,,54.958333333333336
1131,,,,,,,,,54.791666666666664
1132,23.2,31.2,17.3,61,0,5.6,1.1,3.5,93.375
1133,25.2,30.5,19.2,50,0,6.9,1.5,37,103.0
1134,24.3,31.7,18.6,50,0,6.3,0.4,3.5,211.125
1135,,,,,,,,,192.29166666666666
1136,,,,,,,,,152.0
1137,,,,,,,,,132.20833333333334
1138,24.8,31.9,19.5,49,0,5.5,2.4,3.5,127.70833333333333
1139,24,32.1,19,48,0,6.3,2.2,5.4,109.33333333333333
1140,23.1,31.2,17.3,54,0,6.6,2.8,5.4,0.0
1141,,,,,,,,,0.0
1142,,,,,,,,,0.0
1143,,,,,,,,,56.458333333333336
1144,24.8,29.9,18,44,0,6.9,1.3,3.5,135.83333333333334
1145,26.2,32.5,19.6,50,0,6.9,1.9,3.5,122.5
1146,26.9,33.2,20.2,50,0,7.4,0.6,3.5,119.33333333333333
1147,,,,,,,,,67.125
1148,,,,,,,,,46.708333333333336
1149,,,,,,,,,69.66666666666667
1150,26.4,33.4,22.3,59,0,5.5,3,5.4,79.83333333333333
1151,24.9,33.5,20.5,58,0,6.3,2.4,5.4,62.708333333333336
1152,24.9,31.3,18.7,51,0,6.9,2.4,5.4,81.04166666666667
1153,,,,,,,,,21.208333333333332
1154,,,,,,,,,1.9166666666666667
1155,24.6,30.7,18.9,55,0,6.9,2.8,5.4,1.8333333333333333
1156,24.6,31.5,19.7,52,0,6.9,2.8,5.4,1.7916666666666667
1157,25.3,31.7,19.6,49,0,6.3,3.1,5.4,31.625
1158,,,,,,,,,112.08333333333333
1159,,,,,,,,,105.83333333333333
1160,,,,,,,,,117.58333333333333
1161,25.4,33.4,18.7,46,0,6.9,1.9,3.5,122.70833333333333
1162,25.7,33.2,18.8,43,0,6.3,1.5,5.4,76.54166666666667
1163,26.7,34.3,19.5,44,0,6.9,0.6,3.5,159.08333333333334
1164,,,,,,,,,147.95833333333334
1165,,,,,,,,,111.95833333333333
1166,,,,,,,,,59.208333333333336
1167,27.8,35.4,22.7,57,0,6.3,2.4,5.4,77.20833333333333
1168,28.3,34.3,24.4,58,0,5.5,3.9,7.6,87.83333333333333
1169,26.2,34.4,22.4,66,0,6.3,2.2,3.5,90.04166666666667
1170,,,,,,,,,63.916666666666664
1171,,,,,,,,,98.70833333333333
1172,,,,,,,,,123.70833333333333
1173,29,35.2,23.3,46,0,7.4,3.1,3.5,64.79166666666667
1174,28.8,35.4,23.5,41,0,6.9,0.4,3.5,62.875
1175,29.2,36,24.7,45,0,6.9,1.1,3.5,88.375
1176,,,,,,,,,77.66666666666667
1177,,,,,,,,,52.333333333333336
1178,,,,,,,,,52.041666666666664
1179,27.8,35.8,22.8,40,0,6.9,3,5.4,128.33333333333334
1180,27.7,35,21.2,33,0,6.9,1.3,3.5,87.58333333333333
1181,27.8,35.1,20.7,33,0,6.9,2.8,5.4,2.9166666666666665
1182,,,,,,,,,0.0
1183,,,,,,,,,0.0
1184,,,,,,,,,23.208333333333332
1185,28,35,23,44,0,6.9,1.3,3.5,15.166666666666666
1186,28.3,34.8,23.2,43,0,7.7,0.4,3.5,21.25
1187,28.4,35.3,23.5,46,0,6.9,1.1,3.5,25.75
1188,28.6,35.5,23.8,46,0,6.9,2.2,5.4,52.416666666666664
1189,,,,,,,,,89.0
1190,,,,,,,,,81.83333333333333
1191,,,,,,,,,105.33333333333333
1192,29,35.4,24.3,53,0,7.4,1.9,5.4,117.75
1193,28.7,36.3,23.1,60,-,6.9,1.3,3.5,20.791666666666668
1194,28.6,35.3,24.5,55,0,6.9,2.8,3.5,64.79166666666667
1195,,,,,,,,,87.375
1196,,,,,,,,,84.5
1197,,,,,,,,,46.916666666666664
1198,30.4,37.2,25.1,50,0,6.9,2.8,7.6,104.625
1199,31.2,37,25.4,45,0,6.9,2.2,7.6,109.625
1200,30.7,37.4,25.8,49,0,7.7,3,5.4,63.458333333333336
1201,,,,,,,,,77.04166666666667
1202,,,,,,,,,110.875
1203,,,,,,,,,42.958333333333336
1204,29.8,36.6,24.6,51,0,6.9,2.4,5.4,0.0
1205,30.4,36.8,24.8,49,0,6.9,2.8,5.4,30.875
1206,30.3,37,24.3,46,0,6.9,3.1,7.6,75.58333333333333
1207,,,,,,,,,106.95833333333333
1208,,,,,,,,,120.875
1209,,,,,,,,,79.91666666666667
1210,27.5,39.2,23.2,64,-,6.9,1.1,5.4,0.0
1211,29,37.1,22.8,48,0,7.7,1.5,5.4,0.0
1212,29.6,35.5,23.4,39,0,6.9,2.2,7.6,0.0
1213,,,,,,,,,38.5
1214,,,,,,,,,94.75
1215,,,,,,,,,142.5
1216,30.5,36.6,24.4,41,0,6.9,1.3,3.5,133.375
1217,29.3,37.3,24.7,51,0,6.9,3,5.4,102.41666666666667
1218,29.8,36.6,24.5,47,0,7.7,2.2,3.5,101.75
1219,,,,,,,,,117.95833333333333
1220,,,,,,,,,147.83333333333334
1221,,,,,,,,,158.29166666666666
1222,27.2,34.6,21,62,46.48,6.3,0.7,5.4,149.58333333333334
1223,25.6,33.7,21.4,72,0,6.3,3.1,9.4,107.29166666666667
1224,27.4,34,21,58,4.83,6.9,0.4,3.5,96.25
1225,,,,,,,,,76.25
1226,,,,,,,,,101.5
1227,,,,,,,,,106.5
1228,28.3,34.6,22.3,57,1.78,6.9,0.2,1.9,128.125
1229,28.9,34.6,23.5,58,0,6.9,0.9,3.5,108.0
1230,28.8,35.1,24.6,51,0,6.9,0,-,125.625
1231,,,,,,,,,137.16666666666666
1232,,,,,,,,,101.95833333333333
1233,,,,,,,,,98.41666666666667
1234,24.6,28.9,20,78,30.23,6.9,3.9,5.4,94.375
1235,25.3,30,19.6,78,34.29,6.9,5.6,9.4,118.5
1236,26.1,32.2,20.9,70,0,6.6,5,7.6,89.54166666666667
1237,,,,,,,,,87.25
1238,,,,,,,,,107.625
1239,,,,,,,,,110.41666666666667
1240,27.6,34,22.8,63,0,6.9,4.8,7.6,95.83333333333333
1241,27.9,33.2,22.2,63,0,6.9,3.7,7.6,93.5
1242,26.5,33.8,23.2,70,-,6.9,3,7.6,97.625
1243,,,,,,,,,76.95833333333333
1244,,,,,,,,,72.25
1245,,,,,,,,,38.666666666666664
1246,25.3,31.2,22.2,76,0,6.9,3.9,7.6,45.375
1247,25.4,31.5,21.5,75,-,6.9,5,7.6,65.16666666666667
1248,24.4,33.3,21,82,20.32,6.9,3.9,5.4,67.08333333333333
1249,25.5,30.2,21,78,0,6.9,3.9,7.6,80.04166666666667
1250,,,,,,,,,74.16666666666667
1251,,,,,,,,,66.08333333333333
1252,,,,,,,,,77.66666666666667
1253,25.7,31.4,21.6,79,47.75,6.9,3.5,5.4,70.25
1254,24.5,30.9,22,81,0,6.3,5.2,7.6,75.125
1255,24.6,30.4,21.4,77,5.08,7.7,5.2,7.6,37.166666666666664
1256,,,,,,,,,57.375
1257,,,,,,,,,56.291666666666664
1258,,,,,,,,,77.0
1259,22.5,29.6,20.6,86,1.02,6.9,5.6,7.6,32.958333333333336
1260,23.6,27.7,20.1,75,15.75,6.9,5.6,11.1,40.833333333333336
1261,23.7,29.2,20.7,74,1.02,6.9,4.6,11.1,42.541666666666664
1262,,,,,,,,,93.08333333333333
1263,,,,,,,,,80.625
1264,,,,,,,,,90.70833333333333
1265,23.7,28.2,20.8,78,1.27,6.9,4.1,7.6,97.29166666666667
1266,23.3,29.9,20,82,1.27,6.3,5,7.6,79.83333333333333
1267,22.7,28.5,20.4,82,3.3,6.9,4.6,7.6,87.75
1268,,,,,,,,,63.5
1269,,,,,,,,,50.708333333333336
1270,,,,,,,,,40.375
1271,21.2,27.5,19.3,85,8.89,6.3,5.9,7.6,49.416666666666664
1272,23.3,26.5,19.7,78,0,6.9,5.6,7.6,43.666666666666664
1273,22.5,28.2,20.8,84,-,6.9,5.7,7.6,52.166666666666664
1274,,,,,,,,,49.583333333333336
1275,,,,,,,,,61.875
1276,,,,,,,,,0.0
1277,23.2,27.6,20.2,80,0,6.3,8.3,11.1,29.666666666666668
1278,23.8,28.2,19.9,76,0.76,6.9,8.1,11.1,47.75
1279,23.6,28.8,20.2,78,0,6.3,9.1,11.1,37.708333333333336
1280,,,,,,,,,33.083333333333336
1281,,,,,,,,,49.125
1282,,,,,,,,,43.666666666666664
1283,23.6,26.7,20.3,78,7.11,6.3,8.7,11.1,29.833333333333332
1284,22.7,27.4,20.6,85,0,5.5,8.1,11.1,29.666666666666668
1285,22.1,26.4,20.1,83,-,5.5,9.1,14.8,56.708333333333336
1286,,,,,,,,,39.25
1287,,,,,,,,,35.208333333333336
1288,,,,,,,,,37.625
1289,23.8,28.1,20.1,71,0,7.4,10.9,18.3,41.458333333333336
1290,25,29.5,19.7,70,0,6.9,6.1,11.1,53.125
1291,24.8,30.7,21.5,73,-,6.9,4.8,7.6,54.875
1292,,,,,,,,,65.75
1293,,,,,,,,,38.583333333333336
1294,,,,,,,,,36.0
1295,22.9,28.3,20,77,0,6.3,4.1,7.6,70.58333333333333
1296,22.6,28.4,20.1,81,3.3,6.3,5,7.6,52.458333333333336
1297,21.9,27.7,19.6,82,23.11,7.7,5.7,11.1,36.583333333333336
1298,,,,,,,,,45.583333333333336
1299,,,,,,,,,33.166666666666664
1300,,,,,,,,,38.25
1301,23.9,29,20.4,81,0,6.9,4.6,9.4,26.583333333333332
1302,23.3,30.3,20.1,84,32.51,6.3,3.1,5.4,57.583333333333336
1303,24.1,29.1,20.7,82,24.89,6.3,3.3,7.6,30.708333333333332
1304,,,,,,,,,35.375
1305,,,,,,,,,15.416666666666666
1306,,,,,,,,,41.375
1307,22.4,26,19.4,82,10.41,6.9,6.1,7.6,25.541666666666668
1308,22.2,27,19.8,78,0,6.3,7.4,11.1,28.375
1309,22.9,27.2,19.3,71,0,8.5,8.3,11.1,40.333333333333336
1310,22.1,27.6,19.1,76,-,6.9,9.8,14.8,39.333333333333336
1311,,,,,,,,,41.833333333333336
1312,,,,,,,,,50.333333333333336
1313,,,,,,,,,35.375
1314,23.3,28.3,20,75,-,6.9,7,9.4,31.916666666666668
1315,23.5,28.2,20,76,-,6.9,8,11.1,36.791666666666664
1316,23.8,27.8,20.5,73,0,7.7,6.7,11.1,33.291666666666664
1317,,,,,,,,,35.5
1318,,,,,,,,,35.291666666666664
1319,,,,,,,,,26.833333333333332
1320,24,29,20.6,77,-,6.3,5.9,11.1,21.125
1321,22.9,28.2,20,77,-,6.9,4.1,5.4,18.0
1322,23.5,28.8,19.5,74,4.32,7.7,5.9,9.4,28.041666666666668
1323,,,,,,,,,34.875
1324,,,,,,,,,35.708333333333336
1325,,,,,,,,,43.583333333333336
1326,23.9,29,20.3,71,0.25,6.9,6.7,9.4,46.041666666666664
1327,24.4,30.2,20.4,71,0,6.9,5,9.4,28.75
1328,24.3,30.1,20.4,74,1.78,6.9,4.1,5.4,70.54166666666667
1329,,,,,,,,,58.541666666666664
1330,,,,,,,,,82.875
1331,,,,,,,,,64.91666666666667
1332,23.1,29.3,21,77,15.24,6.3,4.1,7.6,30.666666666666668
1333,23.8,28.2,19.9,76,-,5.5,6.9,11.1,31.75
1334,23.3,28.7,21.2,79,0.25,6.9,5,7.6,41.041666666666664
1335,,,,,,,,,45.25
1336,,,,,,,,,34.416666666666664
1337,,,,,,,,,33.166666666666664
1338,22.4,27.2,20.4,87,0.25,5.5,5.4,7.6,30.625
1339,23.2,26.6,20,82,2.79,7.4,5,7.6,30.333333333333332
1340,22.6,26.7,20.6,82,0,6.3,5.2,7.6,31.75
1341,23.7,27.2,20.4,75,0,6.9,6.1,11.1,34.208333333333336
1342,,,,,,,,,11.625
1343,,,,,,,,,0.0
1344,,,,,,,,,0.0
1345,23.1,27.2,18.8,69,0.51,7.7,4.3,5.4,0.0
1346,23.9,28.6,19.3,67,0,6.9,5,7.6,0.0
1347,24.3,29.4,20.4,69,-,6.3,4.1,7.6,0.0
1348,,,,,,,,,26.166666666666668
1349,,,,,,,,,76.875
1350,,,,,,,,,83.45833333333333
1351,23.6,26.5,20.5,75,0,6.3,5.2,7.6,71.66666666666667
1352,23.8,27.8,20.4,76,-,6.9,4.6,5.4,65.625
1353,22.9,28.6,20.5,79,0.51,6.3,5.6,9.4,53.375
1354,,,,,,,,,56.083333333333336
1355,,,,,,,,,69.70833333333333
1356,,,,,,,,,62.375
1357,24.4,29,19.8,68,0,6.9,6.3,11.1,24.875
1358,23.2,30.6,19.7,71,0,6.9,6.7,9.4,37.333333333333336
1359,22.7,27.4,20.2,76,0.25,6.9,7.4,11.1,50.125
1360,,,,,,,,,46.541666666666664
1361,,,,,,,,,43.958333333333336
1362,,,,,,,,,41.5
1363,22.6,25.8,19.8,79,0.25,5.5,5,9.4,38.791666666666664
1364,24.1,28,20.5,76,0,6.9,5,7.6,48.916666666666664
1365,24.3,28.6,20.9,75,0,7.4,6.9,11.1,76.91666666666667
1366,,,,,,,,,34.458333333333336
1367,,,,,,,,,30.333333333333332
1368,,,,,,,,,26.666666666666668
1369,23.2,29.7,19.6,72,0,6.3,4.6,7.6,29.0
1370,23.6,29.5,18.8,68,0,6.3,3.7,7.6,34.25
1371,25.3,30.7,20.3,64,0,5.5,3.5,5.4,62.708333333333336
1372,,,,,,,,,65.08333333333333
1373,,,,,,,,,61.708333333333336
1374,,,,,,,,,60.541666666666664
1375,24.6,31.6,19.7,60,0,6.3,3,5.4,41.583333333333336
1376,24.6,30.6,19.8,65,0,6.3,5.2,7.6,50.916666666666664
1377,23.9,31.3,19.6,70,-,6.3,5,5.4,40.958333333333336
1378,,,,,,,,,60.666666666666664
1379,,,,,,,,,80.04166666666667
1380,,,,,,,,,82.83333333333333
1381,23.6,29.3,20.1,72,2.54,5.3,1.5,3.5,95.25
1382,24.8,29,21,59,0,6.9,1.3,3.5,115.83333333333333
1383,23.9,30.6,19.4,54,0,6.9,1.9,3.5,149.66666666666666
1384,,,,,,,,,145.58333333333334
1385,,,,,,,,,126.16666666666667
1386,,,,,,,,,136.70833333333334
1387,25,31.2,18.7,48,0,6.9,0.9,3.5,160.66666666666666
1388,24.6,31.1,19.1,50,0,6.9,1.5,3.5,173.58333333333334
1389,24.9,31.2,19.1,50,0,6.3,2.8,3.5,168.625
1390,,,,,,,,,174.66666666666666
1391,,,,,,,,,245.66666666666666
1392,,,,,,,,,261.6666666666667
1393,24.8,31.3,19.8,49,0,6.3,0.9,3.5,272.4166666666667
1394,24.2,31,18.4,52,0,6.9,0.7,5.4,226.29166666666666
1395,25.2,30.8,19.4,45,0,7.4,1.1,3.5,291.7083333333333
1396,,,,,,,,,207.33333333333334
1397,,,,,,,,,149.625
1398,,,,,,,,,99.70833333333333
1399,24.5,30.7,20.1,68,-,6.3,4.1,5.4,217.375
1400,23.7,30.6,20.8,72,-,5.5,2.2,7.6,309.375
1401,24.1,29.1,20.1,66,1.52,6.3,2.2,3.5,166.91666666666666
1402,25.2,30,20.9,61,0,6.9,2.6,7.6,429.1666666666667
1403,,,,,,,,,332.4583333333333
1404,,,,,,,,,321.5416666666667
1405,,,,,,,,,278.0
1406,24,31.5,18.7,49,0,6.9,2.2,3.5,192.33333333333334
1407,23.4,30.6,18.8,48,0,6.9,3,7.6,235.33333333333334
1408,22.5,30.3,17.7,49,0,6.9,2.8,7.6,153.29166666666666
1409,,,,,,,,,171.54166666666666
1410,-,-,-,-,-,-,-,-,224.16666666666666
1411,,,,,,,,,196.75
1412,,,,,,,,,221.54166666666666
1413,24.1,30.9,20.4,68,0,5.5,4.3,5.4,210.54166666666666
1414,24.6,30.1,20.3,61,0,6.9,2.6,7.6,251.20833333333334
1415,24.3,30.4,19.6,65,0,6.9,3.7,7.6,172.83333333333334
1416,,,,,,,,,166.70833333333334
1417,,,,,,,,,130.70833333333334
1418,,,,,,,,,194.70833333333334
1419,23.3,29.7,18.4,57,0,6.9,3.1,5.4,250.875
1420,22.9,30.5,18.1,47,0,6.9,3.5,5.4,274.875
1421,22.9,31,16.6,40,0,7.7,2.8,3.5,207.91666666666666
1422,,,,,,,,,134.45833333333334
1423,,,,,,,,,110.0
1424,,,,,,,,,160.0
1425,23.4,31.5,15.9,33,0,7.4,2.2,5.4,217.91666666666666
1426,22.6,31.5,15,39,0,6.9,0.9,3.5,184.20833333333334
1427,23,32.5,14.2,39,0,6.3,1.3,3.5,130.91666666666666
1428,,,,,,,,,118.91666666666667
1429,,,,,,,,,176.375
1430,21.6,30,17.6,58,-,6.9,3,3.5,185.95833333333334
1431,21,26.9,18,86,5.08,5.5,2,5.4,195.375
1432,21.1,26.9,18.9,88,4.32,6.3,4.1,5.4,151.04166666666666
1433,,,,,,,,,170.875
1434,,,,,,,,,239.125
1435,,,,,,,,,365.2916666666667
1436,22.1,28,15,59,0,6.3,2.4,5.4,312.2083333333333
1437,22.8,29,18.4,61,0,6.6,1.9,5.4,237.625
1438,22.6,29.5,16.2,42,0,6.9,1.9,3.5,179.33333333333334
1439,,,,,,,,,122.54166666666667
1440,,,,,,,,,121.33333333333333
1441,,,,,,,,,202.875
1442,18.9,25,17.7,97,60.71,4,4.3,5.4,260.1666666666667
1443,20.3,22,18.6,90,4.32,4,3.9,5.4,403.9583333333333
1444,21.8,26.5,17.9,70,0,6.3,3.7,7.6,455.5833333333333
1445,,,,,,,,,382.7083333333333
1446,,,,,,,,,277.7083333333333
1447,,,,,,,,,284.1666666666667
1448,22,28.9,16.7,57,0,6.3,2.8,5.4,288.4166666666667
1449,21.8,29.4,15.6,67,0,6.9,3.5,5.4,256.8333333333333
1450,22.6,29,17.7,63,0,5.8,1.3,3.5,175.75
1451,,,,,,,,,180.79166666666666
1452,,,,,,,,,166.91666666666666
1453,,,,,,,,,169.0
1454,20.6,30.5,14.7,62,0,6,2.2,3.5,186.04166666666666
1455,21.8,29,14.8,46,0,5.8,1.5,3.5,185.58333333333334
1456,21.5,30.4,14.9,42,0,6,3,5.4,114.08333333333333
1457,,,,,,,,,140.45833333333334
1458,,,,,,,,,108.08333333333333
1459,,,,,,,,,284.79583333333335
1460,-,-,-,-,-,-,-,-,219.72083333333333
1461,21,27.6,14.6,61,0,6,2.2,3.5,182.1875
1462,21.6,27.7,17,59,0,6.8,2,3.5,115.28749999999998
1463,22.3,29,16.1,48,0,6.9,2.8,3.5,0.0
1464,,,,,,,,,12.379166666666668
1465,,,,,,,,,154.03750000000002
1466,,,,,,,,,223.20833333333334
1467,20.9,29,16,66,0,5.5,2.2,3.5,200.64583333333337
1468,20.9,27.8,16,62,0,6.3,3,5.4,154.875
1469,21,28.5,15,58,0,6.8,3,5.4,129.38749999999996
1470,,,,,,,,,224.2458333333333
1471,,,,,,,,,285.22499999999997
1472,,,,,,,,,236.82499999999996
1473,21.2,28,16.9,66,0,5.5,2.2,3.5,276.90833333333336
1474,20.7,28.3,17.2,61,0,6.3,2.2,3.5,245.65
1475,20.7,27.2,15.5,61,0,6.3,3.3,5.4,218.67083333333326
1476,,,,,,,,,47.82500000000001
1477,,,,,,,,,108.0
1478,,,,,,,,,107.625
1479,20.4,28.2,15.8,64,0,6.3,2.8,7.6,125.89166666666667
1480,21.7,27.6,15.3,64,0,6.3,3.5,5.4,179.3083333333333
1481,21.7,28.9,18.5,68,0,6.3,5.2,11.1,239.85
1482,,,,,,,,,220.1916666666667
1483,,,,,,,,,181.01250000000005
1484,,,,,,,,,152.55416666666667
1485,22.6,30.3,16.7,52,0,6.3,3.1,5.4,152.32083333333335
1486,21.9,29.2,18.3,75,-,4,3.7,7.6,171.42916666666665
1487,22.1,26,19.7,79,0.25,6.3,3.5,5.4,251.375
1488,,,,,,,,,251.82916666666668
1489,,,,,,,,,319.7375
1490,,,,,,,,,332.7083333333333
1491,23.9,31.7,18.2,54,0,6.9,2.8,7.6,279.59999999999997
1492,23.1,32,16,46,0,6.9,3.3,3.5,179.11666666666667
1493,23.5,31.5,16.4,40,0,7.7,3.1,3.5,166.29999999999998
1494,22.7,31.7,16.7,50,0,6.9,3.1,5.4,78.25416666666666
1495,,,,,,,,,54.958333333333336
1496,,,,,,,,,54.791666666666664
1497,,,,,,,,,93.375
1498,23.9,30.9,16.1,36,0,6.9,3.1,5.4,103.0
1499,23.8,32.2,16.6,37,0,6.3,3,7.6,211.125
1500,23.4,32,15.8,35,0,6.9,3.1,5.4,192.29166666666666
1501,,,,,,,,,152.0
1502,,,,,,,,,132.20833333333334
1503,,,,,,,,,127.70833333333333
1504,22.1,29.6,15.8,54,0,6.9,4.3,5.4,109.33333333333333
1505,22.6,28.8,17.4,61,0,6.3,3.5,5.4,0.0
1506,23.1,29,17.3,45,0,6.9,3.9,5.4,0.0
1507,,,,,,,,,0.0
1508,,,,,,,,,56.458333333333336
1509,,,,,,,,,135.83333333333334
1510,23.7,31.2,16.8,42,0,6.9,1.5,5.4,122.5
1511,24.6,31.8,17.7,38,0,6.3,1.9,3.5,119.33333333333333
1512,25.9,33.4,19.3,41,0,6.3,2.4,5.4,67.125
1513,,,,,,,,,46.708333333333336
1514,,,,,,,,,69.66666666666667
1515,,,,,,,,,79.83333333333333
1516,26.7,35.5,19,31,0,5.5,1.9,3.5,62.708333333333336
1517,25.8,34.9,20,41,0,6.9,3.3,5.4,81.04166666666667
1518,24.3,33.3,19.1,36,0,6.9,4.3,9.4,21.208333333333332
1519,,,,,,,,,1.9166666666666667
1520,24.2,32.5,16.9,29,0,6.9,3.3,7.6,1.8333333333333333
1521,24.4,32,15.7,33,0,6.9,3.9,5.4,1.7916666666666667
1522,25.8,32,18.2,43,0,6.9,3,5.4,31.625
1523,,,,,,,,,112.08333333333333
1524,,,,,,,,,105.83333333333333
1525,,,,,,,,,117.58333333333333
1526,26.2,33.1,21.5,60,-,6.9,3,5.4,122.70833333333333
1527,25.6,33.8,21.1,62,36.83,6.9,0.4,3.5,76.54166666666667
1528,26.7,32.5,21.2,54,0,6.9,2.8,5.4,159.08333333333334
1529,,,,,,,,,147.95833333333334
1530,,,,,,,,,111.95833333333333
1531,,,,,,,,,59.208333333333336
1532,26.6,34.3,22.2,57,-,6.9,3.3,3.5,77.20833333333333
1533,25.2,34,22,67,2.54,6.9,3.1,5.4,87.83333333333333
1534,25.3,30.4,20.8,57,0,6.9,3.9,7.6,90.04166666666667
1535,,,,,,,,,63.916666666666664
1536,,,,,,,,,98.70833333333333
1537,,,,,,,,,123.70833333333333
1538,28,35,22.4,45,0,6.9,3.1,5.4,64.79166666666667
1539,28,36,23.2,48,0,6.9,3,5.4,62.875
1540,27.4,34.8,22.4,49,0,6.9,2.4,3.5,88.375
1541,,,,,,,,,77.66666666666667
1542,,,,,,,,,52.333333333333336
1543,,,,,,,,,52.041666666666664
1544,28.1,35.6,20.6,25,0,6.9,1.9,3.5,128.33333333333334
1545,28.6,37.2,21.6,28,0,6.9,2.8,5.4,87.58333333333333
1546,28.3,36.1,21.2,28,0,6.9,2.4,5.4,2.9166666666666665
1547,,,,,,,,,0.0
1548,,,,,,,,,0.0
1549,,,,,,,,,23.208333333333332
1550,29.2,35.4,22.1,30,0,6.9,2.8,5.4,15.166666666666666
1551,28.6,35.8,22.5,34,0,6.9,2.8,5.4,21.25
1552,28.9,36.3,21.9,40,0,6.9,3.1,3.5,25.75
1553,29.4,35.6,23.5,39,0,6.9,3.9,5.4,52.416666666666664
1554,,,,,,,,,89.0
1555,,,,,,,,,81.83333333333333
1556,,,,,,,,,105.33333333333333
1557,28.6,35.5,22.5,49,0.51,6.9,3,5.4,117.75
1558,30.1,36,24.5,39,0,6.9,3.5,5.4,20.791666666666668
1559,29.4,36.5,24.4,43,0,8.5,3.5,3.5,64.79166666666667
1560,,,,,,,,,87.375
1561,,,,,,,,,84.5
1562,,,,,,,,,46.916666666666664
1563,29.3,37,24,31,0,6.9,1.9,3.5,104.625
1564,28.8,36.5,23.2,36,0,6.9,4.1,7.6,109.625
1565,29,35.6,22.6,38,0,6.9,3.9,5.4,63.458333333333336
1566,,,,,,,,,77.04166666666667
1567,,,,,,,,,110.875
1568,,,,,,,,,42.958333333333336
1569,28.9,35.6,23.5,53,0,6.9,4.1,5.4,0.0
1570,26.6,35.7,23,65,0,6.9,4.3,7.6,30.875
1571,26.9,35.2,21.7,60,1.02,6.3,4.4,5.4,75.58333333333333
1572,,,,,,,,,106.95833333333333
1573,,,,,,,,,120.875
1574,,,,,,,,,79.91666666666667
1575,27.5,37,22.6,53,-,6.9,4.8,7.6,0.0
1576,28.7,37,22.5,47,1.02,6.9,1.3,3.5,0.0
1577,29.1,35.6,24,48,0,6.9,3,5.4,0.0
1578,,,,,,,,,38.5
1579,,,,,,,,,94.75
1580,,,,,,,,,142.5
1581,26.8,35.6,20.5,48,0,6.9,3.9,9.4,133.375
1582,27.6,35.1,22.3,49,0,6.9,3.3,7.6,102.41666666666667
1583,28.2,34.2,23.3,51,0,6.9,2.8,3.5,101.75
1584,,,,,,,,,117.95833333333333
1585,,,,,,,,,147.83333333333334
1586,,,,,,,,,158.29166666666666
1587,27.3,36.6,21,55,-,6.3,3.1,7.6,149.58333333333334
1588,26.9,37,20.8,59,0,6.9,2.8,3.5,107.29166666666667
1589,26,33.2,22.5,67,-,6.9,3.1,7.6,96.25
1590,,,,,,,,,76.25
1591,,,,,,,,,101.5
1592,,,,,,,,,106.5
1593,28.1,33,23.7,60,0,6.9,2,5.4,128.125
1594,27.1,33.8,22.5,63,0,6.9,5,7.6,108.0
1595,27.1,35,21.8,58,2.54,6.3,6.9,18.3,125.625
1596,,,,,,,,,137.16666666666666
1597,,,,,,,,,101.95833333333333
1598,,,,,,,,,98.41666666666667
1599,26.2,35.5,19.4,67,20.07,6.9,4.3,7.6,94.375
1600,26.8,33.7,20.2,61,0,6.9,4.8,9.4,118.5
1601,26.1,35.1,19.9,70,40.89,6.9,4.6,7.6,89.54166666666667
1602,,,,,,,,,87.25
1603,,,,,,,,,107.625
1604,,,,,,,,,110.41666666666667
1605,27.6,34,21.9,67,0,8.5,4.3,7.6,95.83333333333333
1606,26.2,33.3,21,75,0,6.9,6.1,9.4,93.5
1607,23.1,33.1,20,84,83.31,6.3,5,7.6,97.625
1608,,,,,,,,,76.95833333333333
1609,,,,,,,,,72.25
1610,,,,,,,,,38.666666666666664
1611,24.9,31.2,20.8,74,0.51,6.9,6.3,9.4,45.375
1612,26.1,31.5,20.8,69,0,6.9,4.4,5.4,65.16666666666667
1613,26.4,32.1,21.8,70,0,6.9,6.3,9.4,67.08333333333333
1614,25.7,32.4,22,70,0,6.9,6.3,7.6,80.04166666666667
1615,,,,,,,,,74.16666666666667
1616,,,,,,,,,66.08333333333333
1617,,,,,,,,,77.66666666666667
1618,23.9,31.2,22,71,-,6.9,7.4,9.4,70.25
1619,25,29.6,21.5,67,0,6.9,7.4,9.4,75.125
1620,23.4,29.6,21.1,77,0,6.9,8.1,14.8,37.166666666666664
1621,,,,,,,,,57.375
1622,,,,,,,,,56.291666666666664
1623,,,,,,,,,77.0
1624,24.2,27.5,20.7,78,1.02,6.9,7.2,9.4,32.958333333333336
1625,25.8,29.7,22,66,1.02,6.9,7.4,11.1,40.833333333333336
1626,25.1,31.2,21.5,67,0,6.9,7,9.4,42.541666666666664
1627,,,,,,,,,93.08333333333333
1628,,,,,,,,,80.625
1629,,,,,,,,,90.70833333333333
1630,23.4,29,20,76,3.56,6.9,5.2,9.4,97.29166666666667
1631,24.2,28,21,83,0,6.9,5.7,7.6,79.83333333333333
1632,24.6,29,20.8,75,0.25,6.9,7.8,9.4,87.75
1633,,,,,,,,,63.5
1634,,,,,,,,,50.708333333333336
1635,,,,,,,,,40.375
1636,23.8,29.4,20.6,77,-,6.9,8.9,14.8,49.416666666666664
1637,24.2,29,20.4,71,0,7.4,11.9,18.3,43.666666666666664
1638,23.6,29.5,20.4,73,361.19,7.4,10.9,14.8,52.166666666666664
1639,,,,,,,,,49.583333333333336
1640,,,,,,,,,61.875
1641,,,,,,,,,0.0
1642,24.6,29,19.3,69,-,6.9,8,11.1,29.666666666666668
1643,25.2,29.7,20.5,66,0,6.9,7.2,11.1,47.75
1644,23.8,29.9,20.9,76,-,6.9,7.6,14.8,37.708333333333336
1645,,,,,,,,,33.083333333333336
1646,,,,,,,,,49.125
1647,,,,,,,,,43.666666666666664
1648,23.2,29.3,20.5,79,6.1,6.9,3.9,5.4,29.833333333333332
1649,23.2,27.4,20.4,78,2.54,6.9,4.4,7.6,29.666666666666668
1650,24.4,28.2,20.2,68,0,6.9,5,9.4,56.708333333333336
1651,,,,,,,,,39.25
1652,,,,,,,,,35.208333333333336
1653,,,,,,,,,37.625
1654,22.9,28.5,20,75,1.52,7.4,7.6,51.9,41.458333333333336
1655,22.9,27,20,73,0,6.9,9.4,14.8,53.125
1656,22.2,27.2,20.2,80,-,6.9,11.1,14.8,54.875
1657,,,,,,,,,65.75
1658,,,,,,,,,38.583333333333336
1659,,,,,,,,,36.0
1660,22.2,26.6,20.6,87,-,6.9,10.2,14.8,70.58333333333333
1661,23.5,26.7,20.6,66,9.4,6.9,9.1,11.1,52.458333333333336
1662,23.8,28.7,19.7,74,0.76,6.9,8.1,11.1,36.583333333333336
1663,,,,,,,,,45.583333333333336
1664,,,,,,,,,33.166666666666664
1665,,,,,,,,,38.25
1666,25.2,30.3,20.5,65,-,6.9,7.2,9.4,26.583333333333332
1667,25.4,30.5,20.5,64,0,6.9,9.1,14.8,57.583333333333336
1668,24.4,30.2,20.5,71,-,6.9,8.3,14.8,30.708333333333332
1669,,,,,,,,,35.375
1670,,,,,,,,,15.416666666666666
1671,,,,,,,,,41.375
1672,24.9,30.7,22,75,1.27,5.8,3,7.6,25.541666666666668
1673,25.2,30.5,21.4,67,8.38,6.9,4.8,11.1,28.375
1674,25,31.5,21.6,69,1.78,6.9,5.7,9.4,40.333333333333336
1675,24.3,31.2,20.3,72,0,6.9,8.9,14.8,39.333333333333336
1676,,,,,,,,,41.833333333333336
1677,,,,,,,,,50.333333333333336
1678,,,,,,,,,35.375
1679,25.7,30.2,21.2,65,0,6.3,7.2,11.1,31.916666666666668
1680,25.8,31.2,22,66,-,6.9,5,14.8,36.791666666666664
1681,23.8,31.3,21.5,79,1.02,6.9,5.6,11.1,33.291666666666664
1682,,,,,,,,,35.5
1683,,,,,,,,,35.291666666666664
1684,,,,,,,,,26.833333333333332
1685,23.3,27.6,21.2,75,0,6.3,2.8,5.4,21.125
1686,24.8,27.6,21.6,67,0,6.9,1.9,5.4,18.0
1687,22.3,28.3,19.2,84,128.78,6.9,2.2,7.6,28.041666666666668
1688,,,,,,,,,34.875
1689,,,,,,,,,35.708333333333336
1690,,,,,,,,,43.583333333333336
1691,22.6,28.9,20.3,84,5.33,6.3,6.7,14.8,46.041666666666664
1692,22.3,28.6,20.3,86,13.21,6.9,8.1,11.1,28.75
1693,23.6,27,20.3,78,3.3,6.9,7,9.4,70.54166666666667
1694,,,,,,,,,58.541666666666664
1695,,,,,,,,,82.875
1696,,,,,,,,,64.91666666666667
1697,22.8,26.8,20.5,86,31.75,4.8,6.3,9.4,30.666666666666668
1698,23.8,28,20.8,77,0,6.9,9.1,11.1,31.75
1699,22.3,28.5,21,89,0.25,4.8,7.6,14.8,41.041666666666664
1700,,,,,,,,,45.25
1701,,,,,,,,,34.416666666666664
1702,,,,,,,,,33.166666666666664
1703,24.9,29,20.5,73,-,6.4,4.8,9.4,30.625
1704,23.7,30.6,19.8,84,71.88,6.3,4.1,7.6,30.333333333333332
1705,22.6,27.8,20.8,92,33.02,4.8,1.9,5.4,31.75
1706,23.2,27.3,19.9,87,21.84,5.5,3.7,7.6,34.208333333333336
1707,,,,,,,,,11.625
1708,,,,,,,,,0.0
1709,,,,,,,,,0.0
1710,24.1,28.5,21.3,83,6.6,6.3,1.9,3.5,0.0
1711,23.9,30,20.5,82,1.27,6.3,2,11.1,0.0
1712,23.6,28.2,20,82,68.33,6.8,2,5.4,0.0
1713,,,,,,,,,26.166666666666668
1714,,,,,,,,,76.875
1715,,,,,,,,,83.45833333333333
1716,25.3,31,22.2,72,0,6.9,4.6,7.6,71.66666666666667
1717,24.8,30.6,21,75,-,6.9,5.9,11.1,65.625
1718,23.7,31.1,21,78,2.29,6.9,6.3,7.6,53.375
1719,,,,,,,,,56.083333333333336
1720,,,,,,,,,69.70833333333333
1721,,,,,,,,,62.375
1722,23.1,27.2,20.4,75,0,6.3,11.7,14.8,24.875
1723,23.2,27.7,19.4,68,0,6.9,10.9,18.3,37.333333333333336
1724,22.8,28.5,19.3,80,0,6.3,10,14.8,50.125
1725,,,,,,,,,46.541666666666664
1726,,,,,,,,,43.958333333333336
1727,,,,,,,,,41.5
1728,22.8,29,19.4,81,54.36,6.3,3.3,5.4,38.791666666666664
1729,23.8,27.2,20.6,78,9.14,6.9,3.9,9.4,48.916666666666664
1730,21.9,28.1,20,91,55.88,5.5,4.1,7.6,76.91666666666667
1731,,,,,,,,,34.458333333333336
1732,,,,,,,,,30.333333333333332
1733,,,,,,,,,26.666666666666668
1734,23.1,27.4,20.7,85,0.51,6.3,4.3,7.6,29.0
1735,23.3,28.4,19.4,82,45.97,6.3,3.1,5.4,34.25
1736,24.9,28,20.6,74,0,6.9,4.3,7.6,62.708333333333336
1737,,,,,,,,,65.08333333333333
1738,,,,,,,,,61.708333333333336
1739,,,,,,,,,60.541666666666664
1740,23.7,29,21.2,84,14.48,5.5,1.1,5.4,41.583333333333336
1741,24.6,28.8,21.3,80,48.01,6.9,3,7.6,50.916666666666664
1742,24.8,29,21.5,80,2.03,6.6,3.1,37,40.958333333333336
1743,,,,,,,,,60.666666666666664
1744,,,,,,,,,80.04166666666667
1745,,,,,,,,,82.83333333333333
1746,22.9,27.5,20.5,87,68.07,5.3,2.4,5.4,95.25
1747,22.1,27.6,19.8,93,34.04,3.7,1.9,9.4,115.83333333333333
1748,22.3,25.6,19.6,85,40.39,5.3,6.5,7.6,149.66666666666666
1749,,,,,,,,,145.58333333333334
1750,,,,,,,,,126.16666666666667
1751,,,,,,,,,136.70833333333334
1752,23.7,29,20.1,67,0,6,1.3,3.5,160.66666666666666
1753,24.4,29.8,20.4,67,0,6.3,3.1,7.6,173.58333333333334
1754,24.8,30.6,20.4,66,0,6.3,3.1,7.6,168.625
1755,,,,,,,,,174.66666666666666
1756,,,,,,,,,245.66666666666666
1757,,,,,,,,,261.6666666666667
1758,25.2,31.3,20.8,64,0,6.3,2.4,5.4,272.4166666666667
1759,23.7,29.6,21,68,0,7.7,2.4,5.4,226.29166666666666
1760,23.9,28.8,20.2,68,0,6.9,2,5.4,291.7083333333333
1761,,,,,,,,,207.33333333333334
1762,,,,,,,,,149.625
1763,,,,,,,,,99.70833333333333
1764,22.2,26.7,19.4,71,0,6.9,5.6,7.6,217.375
1765,21.7,25,19.9,78,0,6.9,5,7.6,309.375
1766,22.9,26.6,18.8,66,0.25,6.9,3.7,7.6,166.91666666666666
1767,23.2,27.8,19.3,66,0,6.9,3.1,7.6,429.1666666666667
1768,,,,,,,,,332.4583333333333
1769,,,,,,,,,321.5416666666667
1770,,,,,,,,,278.0
1771,21.5,25.6,19.2,87,1.52,6.9,3,5.4,192.33333333333334
1772,22,26,18.3,80,13.46,6.9,2.2,7.6,235.33333333333334
1773,22.5,27.2,18.6,64,0,6.3,3.9,5.4,153.29166666666666
1774,,,,,,,,,171.54166666666666
1775,,,,,,,,,224.16666666666666
1776,,,,,,,,,196.75
1777,23.6,28.2,19.3,65,0,6.3,4.1,7.6,221.54166666666666
1778,23.5,29.1,19.4,74,0,6.9,0.9,5.4,210.54166666666666
1779,24.4,28.7,21,74,0,6.3,2,7.6,251.20833333333334
1780,,,,,,,,,172.83333333333334
1781,,,,,,,,,166.70833333333334
1782,,,,,,,,,130.70833333333334
1783,24.1,30,20.5,71,0,6.3,2.8,5.4,194.70833333333334
1784,24.2,29,20.7,70,0,6.3,3.5,5.4,250.875
1785,23.8,29.6,20.2,70,0,6.3,3.9,5.4,274.875
1786,,,,,,,,,207.91666666666666
1787,,,,,,,,,134.45833333333334
1788,,,,,,,,,110.0
1789,22.7,30,18.6,65,0,5.8,5,7.6,160.0
1790,22.2,28,17.4,76,0,6,4.1,5.4,217.91666666666666
1791,22.4,26.8,19.2,78,0,6,5,11.1,184.20833333333334
1792,,,,,,,,,130.91666666666666
1793,,,,,,,,,118.91666666666667
1794,,,,,,,,,176.375
1795,19.8,24.7,19,95,10.67,4,7,9.4,185.95833333333334
1796,19.8,21.6,18.2,88,8.89,4.8,7,9.4,195.375
1797,20.8,23.6,18.3,82,0,6.9,4.6,9.4,151.04166666666666
1798,,,,,,,,,170.875
1799,,,,,,,,,239.125
1800,,,,,,,,,365.2916666666667
1801,22.8,29.2,18.5,63,0,6.3,3.1,7.6,312.2083333333333
1802,22.6,29.7,15.9,47,0,6.3,0.7,5.4,237.625
1803,22.6,30.8,16.8,55,0,6.8,0,-,179.33333333333334
1804,,,,,,,,,122.54166666666667
1805,,,,,,,,,121.33333333333333
1806,,,,,,,,,202.875
1807,22.7,28.1,19.6,72,0,4.2,1.1,5.4,260.1666666666667
1808,22.6,28.5,18.4,63,0,6,4.6,9.4,403.9583333333333
1809,22.2,29.3,17.1,66,0,6,5.7,7.6,455.5833333333333
1810,,,,,,,,,382.7083333333333
1811,,,,,,,,,277.7083333333333
1812,,,,,,,,,284.1666666666667
1813,21,26,15.3,63,0,6.3,6.7,9.4,288.4166666666667
1814,22.1,28,17.2,58,0,6.3,3.1,5.4,256.8333333333333
1815,22,28.8,16,56,0,6.3,4.3,7.6,175.75
1816,,,,,,,,,180.79166666666666
1817,,,,,,,,,166.91666666666666
1818,,,,,,,,,169.0
1819,20.4,28.5,16.6,72,0,6,0.9,3.5,186.04166666666666
1820,21.6,28,16.2,57,0,6.3,4.8,7.6,185.58333333333334
1821,20.6,29.2,15.5,57,0,5.8,4.6,5.4,114.08333333333333
1822,,,,,,,,,140.45833333333334
1823,,,,,,,,,108.08333333333333
1824,,,,,,,,,255.875
1825,-,-,-,-,-,-,-,-,217.08333333333334
1826,22.2,28.4,16.6,53,0,7.7,0.9,5.4,229.16666666666666
1827,22.1,28.9,17.8,58,0,5.1,1.1,-,392.2083333333333
1828,22.2,29,18.4,62,0,6,3.9,5.4,536.5
1829,,,,,,,,,321.8333333333333
1830,,,,,,,,,298.4583333333333
1831,,,,,,,,,264.9166666666667
1832,20.4,27.2,15.2,52,0,6.3,4.1,7.6,404.5
1833,20.1,27.2,14.8,50,0,6.9,6.5,7.6,442.6666666666667
1834,21.2,26.6,15.5,59,0,6.3,6.7,9.4,220.95833333333334
1835,,,,,,,,,251.375
1836,,,,,,,,,188.5
1837,,,,,,,,,164.75
1838,23.4,30.6,17.6,48,0,6.3,4.1,5.4,376.9166666666667
1839,23.3,31,16.3,42,0,5.8,2.8,11.1,362.0
1840,22.4,30.7,16.3,49,0,6.3,3.3,7.6,235.625
1841,,,,,,,,,0.0
1842,,,,,,,,,0.0
1843,,,,,,,,,0.0
1844,20.7,28.7,14.3,48,0,6.9,7.2,9.4,57.0
1845,20.4,28,14.2,45,0,6.3,4.6,7.6,114.33333333333333
1846,20.9,28.5,14.3,46,0,6.3,4.1,7.6,148.125
1847,,,,,,,,,184.875
1848,,,,,,,,,202.91666666666666
1849,,,,,,,,,205.125
1850,22.7,29.1,17.1,48,0,6.3,2,5.4,214.125
1851,21.9,29.8,16.2,44,0,6.3,2.6,7.6,202.95833333333334
1852,21.3,29,16,53,0,6.9,4.4,11.1,308.875
1853,,,,,,,,,323.875
1854,,,,,,,,,315.7916666666667
1855,,,,,,,,,322.25
1856,21.4,29.2,15,42,0,6.9,5.2,9.4,246.04166666666666
1857,21.9,29.6,13.2,26,0,6.9,3.1,7.6,200.91666666666666
1858,22.6,30.4,15.9,30,0,8.5,5.4,9.4,187.16666666666666
1859,21.7,30.1,15.8,32,0,6.9,6.3,11.1,187.79166666666666
1860,,,,,,,,,167.79166666666666
1861,,,,,,,,,99.5
1862,,,,,,,,,143.91666666666666
1863,23.3,32.3,20.2,67,0.51,6.3,3,5.4,100.25
1864,23.3,30,19.2,54,0,6.9,2.4,5.4,126.0
1865,24.4,30.2,19.7,61,0,6.9,1.5,5.4,163.91666666666666
1866,,,,,,,,,152.875
1867,,,,,,,,,165.0
1868,,,,,,,,,116.45833333333333
1869,23.5,30.2,18.5,49,0,6.3,5,11.1,143.0
1870,23.3,29.9,17.9,58,0,6.9,5.6,7.6,194.91666666666666
1871,23.4,30.7,17.4,60,0,6.3,5.7,7.6,130.66666666666666
1872,,,,,,,,,152.375
1873,,,,,,,,,231.125
1874,,,,,,,,,218.66666666666666
1875,24.3,32.1,16.8,34,0,6.3,5,9.4,211.0
1876,22.8,32.2,17.4,39,0,6.9,7.4,18.3,172.0
1877,24.2,31.5,17.5,31,0,6.9,5.4,11.1,184.875
1878,,,,,,,,,95.41666666666667
1879,,,,,,,,,52.208333333333336
1880,,,,,,,,,187.5
1881,24.7,31.2,17.3,34,0,7.4,6.9,11.1,130.16666666666666
1882,25,32,17.8,34,0,6.9,3.9,5.4,68.91666666666667
1883,25.2,32.7,18.2,28,0,6.9,5.9,11.1,123.125
1884,,,,,,,,,120.91666666666667
1885,25.2,33.2,18.2,26,0,6.9,5.2,7.6,153.625
1886,25.5,32.5,18.3,25,0,6.9,4.8,7.6,119.41666666666667
1887,25.7,33.2,17.5,21,0,6.9,2.4,5.4,110.75
1888,,,,,,,,,94.29166666666667
1889,,,,,,,,,130.33333333333334
1890,,,,,,,,,110.70833333333333
1891,25.5,34.6,16.5,29,0,7.7,7,11.1,138.5
1892,25.4,33.5,18.5,25,0,6.9,5.7,9.4,39.291666666666664
1893,26.2,33.3,17.8,27,0,6.9,5.9,7.6,44.916666666666664
1894,,,,,,,,,52.375
1895,,,,,,,,,75.75
1896,,,,,,,,,146.54166666666666
1897,25.8,32.5,20.1,57,0,6.9,4.1,7.6,116.625
1898,26.5,31.6,22.4,50,0,6.9,4.8,11.1,163.0
1899,25.8,32.1,21.6,60,0,6.9,4.6,11.1,162.08333333333334
1900,,,,,,,,,63.458333333333336
1901,,,,,,,,,80.04166666666667
1902,,,,,,,,,100.04166666666667
1903,25.6,31,19.6,39,0,7.4,2.8,48.2,109.45833333333333
1904,26.7,33.8,19.5,37,0,6.9,2.4,5.4,103.08333333333333
1905,27.4,33.7,21.4,44,0,6.9,2.2,3.5,208.83333333333334
1906,,,,,,,,,74.66666666666667
1907,,,,,,,,,110.16666666666667
1908,,,,,,,,,108.20833333333333
1909,27.3,33.4,21.7,43,0,7.7,3.9,7.6,103.83333333333333
1910,27.1,34.1,20.8,34,0,6.9,3.3,7.6,111.5
1911,27.4,34.4,21.5,42,0,6.9,3.3,5.4,98.58333333333333
1912,,,,,,,,,60.416666666666664
1913,,,,,,,,,74.29166666666667
1914,,,,,,,,,101.79166666666667
1915,25.9,34.8,21.1,60,3.3,6.3,4.1,9.4,106.16666666666667
1916,27.6,33.2,21.2,54,0,6.9,2,7.6,89.875
1917,24.7,33.5,20.6,72,0,6.9,2.2,5.4,71.95833333333333
1918,26.1,33.1,19.8,55,13.72,7.4,0.7,3.5,76.41666666666667
1919,,,,,,,,,113.375
1920,,,,,,,,,48.208333333333336
1921,,,,,,,,,47.041666666666664
1922,26.7,33.5,21.6,51,0,8.5,3.1,5.4,67.79166666666667
1923,26.4,32.6,21,47,0,6.9,5,7.6,65.45833333333333
1924,26.2,32.7,21,49,0,6.9,5.2,7.6,77.75
1925,,,,,,,,,114.45833333333333
1926,,,,,,,,,56.666666666666664
1927,,,,,,,,,79.0
1928,27.6,33.5,21.7,51,0,6.9,5.9,11.1,123.58333333333333
1929,28.3,34,23.1,50,0,6.9,5.2,7.6,97.875
1930,28.2,34.6,23.9,52,0,7.7,3.9,7.6,77.33333333333333
1931,,,,,,,,,48.333333333333336
1932,,,,,,,,,80.29166666666667
1933,,,,,,,,,137.875
1934,27.9,34.8,23.9,63,1.02,6.9,2,7.6,87.875
1935,25.5,34,22.8,63,17.02,6.9,1.1,5.4,61.875
1936,28.2,34.8,22.2,51,0,7.4,1.1,3.5,82.125
1937,,,,,,,,,139.91666666666666
1938,,,,,,,,,121.20833333333333
1939,,,,,,,,,97.04166666666667
1940,26.6,34,22.2,63,3.81,6.9,3.1,7.6,92.08333333333333
1941,27.2,34.4,22.8,62,0.51,6.9,4.1,5.4,105.75
1942,28.3,34.7,22,51,0.51,9.2,2.8,9.4,119.16666666666667
1943,,,,,,,,,121.45833333333333
1944,,,,,,,,,130.625
1945,,,,,,,,,90.5
1946,26.9,35.2,21.4,64,5.59,6.3,5,11.1,55.416666666666664
1947,26.5,33,23.3,73,0,7.7,4.8,9.4,79.29166666666667
1948,25.9,34,20,72,0.76,6.9,3,9.4,81.875
1949,,,,,,,,,73.20833333333333
1950,,,,,,,,,108.33333333333333
1951,,,,,,,,,198.875
1952,27.8,33.5,23.4,57,0,6.9,3.9,7.6,120.70833333333333
1953,25.9,33.5,22.8,70,0,6.9,3.7,9.4,117.375
1954,27.2,32.8,21.8,59,0,6.9,4.1,9.4,86.83333333333333
1955,,,,,,,,,88.625
1956,,,,,,,,,60.541666666666664
1957,,,,,,,,,79.0
1958,24.9,32,21.5,74,0,7.4,1.1,37,133.70833333333334
1959,23.8,32,21,78,17.78,6.9,1.9,5.4,87.08333333333333
1960,24.8,31.4,20.6,63,16.51,6.3,0.9,3.5,107.91666666666667
1961,,,,,,,,,76.625
1962,,,,,,,,,53.25
1963,,,,,,,,,65.16666666666667
1964,25.9,31.2,21.4,66,-,6.9,6.1,11.1,83.58333333333333
1965,25.2,32.4,20.5,65,8.64,6.9,2.6,9.4,86.91666666666667
1966,24.1,32.4,21.5,77,0,6.3,3.1,11.1,65.16666666666667
1967,,,,,,,,,44.291666666666664
1968,,,,,,,,,40.666666666666664
1969,,,,,,,,,48.125
1970,23.5,32,21.4,89,33.02,6.3,4.1,7.6,103.16666666666667
1971,25,29.8,21.1,78,3.05,5.5,2.4,5.4,119.70833333333333
1972,26,30.8,22.2,71,0,6.9,2.2,5.4,124.25
1973,,,,,,,,,143.04166666666666
1974,,,,,,,,,143.375
1975,,,,,,,,,44.791666666666664
1976,25.6,29.7,20.9,77,10.41,7.7,6.7,9.4,71.95833333333333
1977,24.4,30.3,21.8,83,0,6.6,3.5,5.4,17.5
1978,23.8,31,20.9,81,1.52,5.5,3.9,7.6,87.08333333333333
1979,23.7,29.8,20.8,83,1.78,6.9,6.5,7.6,84.04166666666667
1980,,,,,,,,,85.54166666666667
1981,,,,,,,,,101.0
1982,,,,,,,,,76.20833333333333
1983,23.9,30.1,21.7,79,0,6.9,12,14.8,84.33333333333333
1984,23.3,29,21.2,83,0,6.3,11.9,16.5,84.20833333333333
1985,22,25.8,20.7,86,3.81,6.6,12.8,14.8,83.375
1986,,,,,,,,,55.958333333333336
1987,,,,,,,,,48.833333333333336
1988,,,,,,,,,64.45833333333333
1989,24.1,28.3,20.8,77,4.06,6.3,11.3,14.8,80.54166666666667
1990,23.2,27.9,21,84,4.06,6.3,7.8,11.1,58.083333333333336
1991,23.8,29.6,20.5,77,16,6.9,6.5,9.4,49.958333333333336
1992,,,,,,,,,101.70833333333333
1993,,,,,,,,,65.41666666666667
1994,,,,,,,,,54.666666666666664
1995,23.8,28.9,20.1,74,0,6.9,12.8,14.8,78.54166666666667
1996,23.4,29.1,20.7,78,0,6.9,12.6,14.8,73.0
1997,23.5,28,20.9,79,0,6.9,9.1,11.1,58.625
1998,,,,,,,,,61.5
1999,,,,,,,,,49.125
2000,,,,,,,,,65.875
2001,23.5,27.8,20.1,77,0,6.9,8.3,11.1,72.41666666666667
2002,23.1,28.1,20.2,75,0,6.9,11.9,16.5,71.29166666666667
2003,21.9,28,20.1,86,5.08,6.9,10,14.8,74.375
2004,,,,,,,,,107.16666666666667
2005,,,,,,,,,184.66666666666666
2006,,,,,,,,,113.33333333333333
2007,24.2,29.5,20.6,75,0,6.9,9.4,14.8,146.20833333333334
2008,24.8,29.4,20.9,68,-,6.9,10.9,14.8,65.375
2009,24.4,30.2,20.7,68,0.51,6.9,8.1,11.1,111.04166666666667
2010,,,,,,,,,111.125
2011,,,,,,,,,112.29166666666667
2012,,,,,,,,,60.625
2013,22.9,26.3,20.5,82,0,6.9,11.3,16.5,71.0
2014,22.4,26.4,20.3,86,0,8,6.7,9.4,57.041666666666664
2015,22.8,26.4,20.7,85,1.02,6.9,8.7,14.8,67.41666666666667
2016,,,,,,,,,132.70833333333334
2017,,,,,,,,,153.41666666666666
2018,,,,,,,,,134.95833333333334
2019,22.2,27.4,20.5,86,0,7.7,10.9,14.8,81.125
2020,22.4,26.5,20.3,86,4.57,6.9,8.5,11.1,197.66666666666666
2021,23.6,27.2,20.4,74,1.78,6.9,10,13,160.75
2022,,,,,,,,,29.125
2023,,,,,,,,,52.25
2024,,,,,,,,,160.375
2025,23,28.6,21,79,0,6.9,14.8,25.9,99.375
2026,23,27,20.4,77,0,6.9,14.6,22.2,123.875
2027,22.7,26.9,20.3,83,0,8.5,14.8,18.3,131.41666666666666
2028,,,,,,,,,53.875
2029,,,,,,,,,31.458333333333332
2030,,,,,,,,,47.375
2031,23.3,28.2,20.2,82,1.02,6.9,9.1,14.8,38.166666666666664
2032,23.7,28.8,20.6,79,0,6.9,8.9,11.1,42.541666666666664
2033,23.3,27.3,20.5,76,0,6.9,10.9,16.5,35.791666666666664
2034,,,,,,,,,43.458333333333336
2035,,,,,,,,,35.958333333333336
2036,,,,,,,,,25.083333333333332
2037,23.1,28.3,20.3,81,4.83,6.9,10,22.2,45.833333333333336
2038,21.9,27.2,19.4,85,5.33,5.5,8.7,18.3,33.708333333333336
2039,23.6,28,18.7,77,14.99,6.9,9.6,22.2,31.875
2040,23.3,28.6,20.8,76,0,6.9,8.5,16.5,69.79166666666667
2041,,,,,,,,,62.916666666666664
2042,,,,,,,,,26.416666666666668
2043,,,,,,,,,30.666666666666668
2044,21.9,27.7,19.7,84,11.43,7.4,11.1,14.8,29.958333333333332
2045,22,25.4,20,88,3.56,5.5,8.3,13,47.458333333333336
2046,23.4,27.6,20.2,76,8.89,6.3,9.8,18.3,48.916666666666664
2047,,,,,,,,,37.125
2048,,,,,,,,,23.875
2049,,,,,,,,,22.333333333333332
2050,21.7,24.6,19.4,85,3.3,7.4,10.2,18.3,25.083333333333332
2051,21.9,25,19.6,88,1.02,5.5,10,22.2,32.958333333333336
2052,22.2,25.7,20.1,87,6.35,5.5,7.6,11.1,31.5
2053,,,,,,,,,56.375
2054,,,,,,,,,66.79166666666667
2055,,,,,,,,,64.875
2056,23.3,27.4,20.7,77,0,6.3,13.1,18.3,47.583333333333336
2057,22.8,27.3,20.2,78,0,6.9,11.7,18.3,48.291666666666664
2058,23.3,27.4,19.7,72,0,6.9,10.6,18.3,51.375
2059,,,,,,,,,43.375
2060,,,,,,,,,33.5
2061,,,,,,,,,43.041666666666664
2062,23.7,27.8,19.8,75,41.66,6.9,8.3,11.1,38.416666666666664
2063,22.4,28.5,20,83,0,6.3,6.3,14.8,29.166666666666668
2064,21.9,28.3,19.5,86,8.38,6.3,6.7,11.1,37.375
2065,,,,,,,,,60.0
2066,,,,,,,,,49.291666666666664
2067,,,,,,,,,19.541666666666668
2068,23.3,28.8,20.3,78,19.81,7.4,6.9,11.1,22.833333333333332
2069,23.7,28.3,20,73,0,6.9,6.5,11.1,24.291666666666668
2070,23.8,28.2,20.3,71,0.25,6.6,7.8,9.4,25.291666666666668
2071,24.7,29.3,19.7,61,0,6.9,6.5,9.4,23.416666666666668
2072,,,,,,,,,47.041666666666664
2073,,,,,,,,,74.66666666666667
2074,,,,,,,,,41.875
2075,24.4,29.2,20.3,63,0,6.9,8.7,14.8,50.583333333333336
2076,24.3,29.1,20.1,66,0,6.9,7.8,14.8,44.416666666666664
2077,25.7,30,20.5,59,0,6.9,5.4,9.4,66.45833333333333
2078,,,,,,,,,62.916666666666664
2079,,,,,,,,,58.125
2080,,,,,,,,,57.291666666666664
2081,25,31.6,22.3,72,0.25,6.9,1.9,3.5,38.25
2082,24.8,30.3,20.4,69,33.02,6.3,1.5,5.4,57.208333333333336
2083,23.9,31.7,20.1,77,16,6.6,2,5.4,50.333333333333336
2084,,,,,,,,,50.416666666666664
2085,-,-,-,-,-,-,-,-,47.416666666666664
2086,,,,,,,,,56.916666666666664
2087,,,,,,,,,54.625
2088,22.7,29.1,19.5,81,13.97,6.3,5,9.4,42.875
2089,23.5,28.4,20,71,0,6.3,5.7,9.4,41.208333333333336
2090,23.9,28.2,18.4,64,0,6.9,4.8,7.6,42.375
2091,,,,,,,,,45.958333333333336
2092,-,-,-,-,-,-,-,-,52.25
2093,,,,,,,,,43.333333333333336
2094,,,,,,,,,41.875
2095,23.7,30.3,19.9,79,32.26,5.5,0.4,3.5,44.416666666666664
2096,25.1,29.2,21.3,72,1.27,6.9,3.5,5.4,49.5
2097,25.3,29.9,21.4,69,4.32,6.9,3.7,7.6,41.958333333333336
2098,,,,,,,,,0.0
2099,25.5,30.9,21.6,73,0.25,6.9,5.2,7.6,0.0
2100,24.9,30.3,21.3,71,0,6.9,4.6,5.4,0.0
2101,24.1,30.4,21.6,75,0.25,6.9,5,7.6,0.0
2102,,,,,,,,,0.0
2103,,,,,,,,,45.75
2104,,,,,,,,,70.70833333333333
2105,24.2,28.2,20.2,70,7.87,6.9,3.3,5.4,51.791666666666664
2106,24.1,29.5,20.8,72,0,6.3,3.1,3.5,66.75
2107,24.3,29.5,20.6,65,4.32,6.3,1.5,5.4,39.958333333333336
2108,,,,,,,,,0.0
2109,,,,,,,,,0.0
2110,,,,,,,,,11.583333333333334
2111,25,31.5,20.4,67,0,6.3,2.4,5.4,13.0
2112,24,30.3,21,75,1.02,6.9,3.1,3.5,7.875
2113,23.4,29.8,20.1,82,3.81,6.9,0.4,3.5,33.541666666666664
2114,,,,,,,,,151.04166666666666
2115,,,,,,,,,156.25
2116,,,,,,,,,156.0
2117,24.4,28.7,20.2,71,1.02,7.4,3.1,3.5,151.79166666666666
2118,23.8,29.3,19.7,58,0,6.9,3.1,3.5,181.54166666666666
2119,23.7,29,19.7,60,0,6.3,5,7.6,219.95833333333334
2120,,,,,,,,,231.0
2121,,,,,,,,,252.625
2122,,,,,,,,,119.41666666666667
2123,23.9,30.2,18.2,58,0,5.5,5,9.4,126.0
2124,23.8,29.3,18.7,58,0,6.6,4.6,7.6,172.66666666666666
2125,23.4,29.5,18.2,51,0,6.9,3.7,7.6,207.04166666666666
2126,,,,,,,,,230.25
2127,,,,,,,,,232.33333333333334
2128,,,,,,,,,215.54166666666666
2129,24.8,30.1,19.7,64,0,6.3,4.6,11.1,239.41666666666666
2130,24.3,30.4,20,65,0,6.3,3.9,5.4,196.54166666666666
2131,22.9,30.3,19.8,78,0,6.6,5.2,5.4,206.75
2132,22.8,27.7,20.4,81,0.51,5.5,8.1,14.8,235.58333333333334
2133,,,,,,,,,199.875
2134,,,,,,,,,232.54166666666666
2135,,,,,,,,,185.5
2136,23.3,30,18,48,0,6.9,3.9,7.6,282.1666666666667
2137,22.2,29.6,16,60,0,6.9,3,5.4,226.45833333333334
2138,23.4,29.2,17.5,58,0,6.3,5,7.6,222.125
2139,,,,,,,,,317.0
2140,,,,,,,,,257.6666666666667
2141,,,,,,,,,166.875
2142,22.4,30,16.2,44,0,6.9,1.3,3.5,135.16666666666666
2143,23,30.5,14.8,44,0,6.9,0.9,3.5,133.125
2144,23.3,31,16.5,68,0,6.9,5.4,7.6,175.04166666666666
2145,,,,,,,,,189.66666666666666
2146,-,-,-,-,-,-,-,-,211.45833333333334
2147,-,-,-,-,-,-,-,-,215.5
2148,-,-,-,-,-,-,-,-,223.375
2149,-,-,-,-,-,-,-,-,187.54166666666666
2150,-,-,-,-,-,-,-,-,198.45833333333334
2151,-,-,-,-,-,-,-,-,156.70833333333334
2152,,,,,,,,,135.58333333333334
2153,,,,,,,,,152.04166666666666
2154,22.6,27.6,19.2,70,0,4.8,3.1,5.4,141.41666666666666
2155,22.2,28.8,18,66,0,5.6,3.3,5.4,248.625
2156,20.8,29,16.3,64,0,5,5,9.4,162.54166666666666
2157,,,,,,,,,0.0
2158,,,,,,,,,46.708333333333336
2159,,,,,,,,,91.75
2160,21.8,29.5,18,62,0,6.3,4.3,9.4,99.91666666666667
2161,21.8,28.3,15.6,56,0,6.9,4.6,7.6,113.375
2162,21.7,28.8,18.2,67,0,6.9,3.3,7.6,166.70833333333334
2163,,,,,,,,,146.66666666666666
2164,,,,,,,,,119.70833333333333
2165,,,,,,,,,110.875
2166,22.3,29.3,18.3,70,0,6.8,3.1,5.4,200.33333333333334
2167,22.5,28.2,17.7,72,0,6.8,4.8,7.6,161.79166666666666
2168,23.1,29.4,17.6,62,0,5.8,5.2,11.1,169.04166666666666
2169,,,,,,,,,216.79166666666666
2170,,,,,,,,,203.58333333333334
2171,,,,,,,,,25.083333333333332
2172,22.3,29.9,18.7,70,0,6,3,9.4,57.083333333333336
2173,22.8,28.9,17.7,59,0,5.3,3.1,5.4,152.83333333333334
2174,21.8,28.9,17.7,59,0,6.3,7,9.4,177.70833333333334
2175,,,,,,,,,239.04166666666666
2176,,,,,,,,,349.2916666666667
2177,,,,,,,,,188.04166666666666
2178,21.6,28.5,16,67,0,6.3,3.1,11.1,310.25
2179,22.2,27.7,17.7,63,0,6.9,2.8,7.6,375.7916666666667
2180,22.7,28.4,18.1,65,0,6.3,3.9,5.4,297.7916666666667
2181,,,,,,,,,441.7916666666667
2182,,,,,,,,,204.375
2183,,,,,,,,,223.25
2184,23.4,29.1,18.4,62,0,6,5.7,9.4,248.95833333333334
2185,23.8,30.2,17.7,56,0,5.5,6.1,9.4,441.4166666666667
2186,24,31.4,19,63,0,6.3,5.4,7.6,237.79166666666666
2187,,,,,,,,,334.875
2188,,,,,,,,,
2189,,,,,,,,,
2190,20.9,25.8,16.6,51,0,6.6,3.9,11.1,
